"","_vname_","_label_","_x_","_yhat_","_ids_","method","Model"
"1","ADI","workflow",0.00957072153687477,0.472830851082291,0,"ALE","XGB"
"2","ADI","workflow",0.0186544995196164,0.472830851082291,0,"ALE","XGB"
"3","ADI","workflow",0.0208507207781076,0.472830851082291,0,"ALE","XGB"
"4","ADI","workflow",0.0227128073386848,0.472830851082291,0,"ALE","XGB"
"5","ADI","workflow",0.02416589230299,0.477217321590876,0,"ALE","XGB"
"6","ADI","workflow",0.0255659476853907,0.479434484774645,0,"ALE","XGB"
"7","ADI","workflow",0.0268361128866672,0.501787101922119,0,"ALE","XGB"
"8","ADI","workflow",0.0280886044725776,0.495132957952454,0,"ALE","XGB"
"9","ADI","workflow",0.0291919431835413,0.495120400661357,0,"ALE","XGB"
"10","ADI","workflow",0.0301454122364521,0.502914954354315,0,"ALE","XGB"
"11","ADI","workflow",0.0310736114159226,0.523022496490982,0,"ALE","XGB"
"12","ADI","workflow",0.0320849769189954,0.548078716051729,0,"ALE","XGB"
"13","ADI","workflow",0.0330759014189243,0.559811943070719,0,"ALE","XGB"
"14","ADI","workflow",0.0339458135142922,0.559811943070719,0,"ALE","XGB"
"15","ADI","workflow",0.0349577524513006,0.559537891804064,0,"ALE","XGB"
"16","ADI","workflow",0.0356632174924016,0.563135009922638,0,"ALE","XGB"
"17","ADI","workflow",0.0365524241328239,0.562479847146697,0,"ALE","XGB"
"18","ADI","workflow",0.0373102909699082,0.570788452163275,0,"ALE","XGB"
"19","ADI","workflow",0.0380399591475725,0.57393111825136,0,"ALE","XGB"
"20","ADI","workflow",0.0388616916909814,0.574585145123244,0,"ALE","XGB"
"21","ADI","workflow",0.0396182909607887,0.571878150774053,0,"ALE","XGB"
"22","ADI","workflow",0.040297767855227,0.571638196207507,0,"ALE","XGB"
"23","ADI","workflow",0.041003869175911,0.571825676396407,0,"ALE","XGB"
"24","ADI","workflow",0.041630827523768,0.572186928458101,0,"ALE","XGB"
"25","ADI","workflow",0.0423230575025082,0.573753889227205,0,"ALE","XGB"
"26","ADI","workflow",0.0429276172071695,0.574113640670416,0,"ALE","XGB"
"27","ADI","workflow",0.0435606927424669,0.576362225867674,0,"ALE","XGB"
"28","ADI","workflow",0.0441956627741456,0.572782341342966,0,"ALE","XGB"
"29","ADI","workflow",0.0447529059648514,0.57335339112664,0,"ALE","XGB"
"30","ADI","workflow",0.0453680161386728,0.574148370088585,0,"ALE","XGB"
"31","ADI","workflow",0.0459786407649517,0.573379954553045,0,"ALE","XGB"
"32","ADI","workflow",0.0466264227032661,0.573441118255282,0,"ALE","XGB"
"33","ADI","workflow",0.0472751460969448,0.5720889670047,0,"ALE","XGB"
"34","ADI","workflow",0.0479387121647596,0.569791142988783,0,"ALE","XGB"
"35","ADI","workflow",0.0486154740303755,0.570004100133814,0,"ALE","XGB"
"36","ADI","workflow",0.0492695236578584,0.571415512929665,0,"ALE","XGB"
"37","ADI","workflow",0.0499148190021515,0.569442602038407,0,"ALE","XGB"
"38","ADI","workflow",0.0505805831775069,0.568986873032816,0,"ALE","XGB"
"39","ADI","workflow",0.0512554907053709,0.567631415911567,0,"ALE","XGB"
"40","ADI","workflow",0.0519566232711077,0.568500391347626,0,"ALE","XGB"
"41","ADI","workflow",0.0525220297276974,0.570953778337188,0,"ALE","XGB"
"42","ADI","workflow",0.0532585063949227,0.567857577882419,0,"ALE","XGB"
"43","ADI","workflow",0.05382000207901,0.56467582024631,0,"ALE","XGB"
"44","ADI","workflow",0.0544102634489536,0.561971598306826,0,"ALE","XGB"
"45","ADI","workflow",0.0550753493607044,0.563249414165532,0,"ALE","XGB"
"46","ADI","workflow",0.055671682022512,0.561145114190812,0,"ALE","XGB"
"47","ADI","workflow",0.0562879659235477,0.560386155817983,0,"ALE","XGB"
"48","ADI","workflow",0.0569667074456811,0.55921941959117,0,"ALE","XGB"
"49","ADI","workflow",0.0576099386811256,0.559502847144515,0,"ALE","XGB"
"50","ADI","workflow",0.0582547418400645,0.560714572201673,0,"ALE","XGB"
"51","ADI","workflow",0.058977697044611,0.559704323029843,0,"ALE","XGB"
"52","ADI","workflow",0.0596843653544784,0.557803454364601,0,"ALE","XGB"
"53","ADI","workflow",0.0603713570535183,0.552264228104284,0,"ALE","XGB"
"54","ADI","workflow",0.0611822180822492,0.543560998083435,0,"ALE","XGB"
"55","ADI","workflow",0.0618342360109091,0.541552436329977,0,"ALE","XGB"
"56","ADI","workflow",0.0624780740588903,0.541111367548042,0,"ALE","XGB"
"57","ADI","workflow",0.0631121608614922,0.541954434738885,0,"ALE","XGB"
"58","ADI","workflow",0.06384481087327,0.541286827356151,0,"ALE","XGB"
"59","ADI","workflow",0.0645349763333797,0.535010800577961,0,"ALE","XGB"
"60","ADI","workflow",0.0653565892577171,0.532358375938475,0,"ALE","XGB"
"61","ADI","workflow",0.0662514731287956,0.531751708424902,0,"ALE","XGB"
"62","ADI","workflow",0.0669262682646513,0.529656882004684,0,"ALE","XGB"
"63","ADI","workflow",0.0676293028891087,0.523300209948527,0,"ALE","XGB"
"64","ADI","workflow",0.0684617078304291,0.522504664376737,0,"ALE","XGB"
"65","ADI","workflow",0.0693663638830185,0.520935551839203,0,"ALE","XGB"
"66","ADI","workflow",0.0703140575438738,0.520493648224816,0,"ALE","XGB"
"67","ADI","workflow",0.0713056714832783,0.51380105103516,0,"ALE","XGB"
"68","ADI","workflow",0.0720436515659094,0.50538898229213,0,"ALE","XGB"
"69","ADI","workflow",0.0727811792492866,0.496426427608264,0,"ALE","XGB"
"70","ADI","workflow",0.0736166749894619,0.489842623789962,0,"ALE","XGB"
"71","ADI","workflow",0.0745425179600716,0.477625468340068,0,"ALE","XGB"
"72","ADI","workflow",0.0754541308432817,0.468276044454041,0,"ALE","XGB"
"73","ADI","workflow",0.0765759715437889,0.469280121350713,0,"ALE","XGB"
"74","ADI","workflow",0.0775539416819811,0.464058629449809,0,"ALE","XGB"
"75","ADI","workflow",0.0784905457496643,0.463063693413259,0,"ALE","XGB"
"76","ADI","workflow",0.0795142184942961,0.461469448491394,0,"ALE","XGB"
"77","ADI","workflow",0.0805243587493896,0.456918670026503,0,"ALE","XGB"
"78","ADI","workflow",0.0817017891258001,0.446477915353165,0,"ALE","XGB"
"79","ADI","workflow",0.082738823145628,0.44131065390653,0,"ALE","XGB"
"80","ADI","workflow",0.0838506428152323,0.430704920335741,0,"ALE","XGB"
"81","ADI","workflow",0.085081373155117,0.418077313327957,0,"ALE","XGB"
"82","ADI","workflow",0.0863812944293022,0.413886225309837,0,"ALE","XGB"
"83","ADI","workflow",0.0875839656591415,0.414974031017386,0,"ALE","XGB"
"84","ADI","workflow",0.088956541493535,0.415384259200378,0,"ALE","XGB"
"85","ADI","workflow",0.0902601999044418,0.409405951268617,0,"ALE","XGB"
"86","ADI","workflow",0.0916172351688146,0.377875662200248,0,"ALE","XGB"
"87","ADI","workflow",0.092791800647974,0.365078998122013,0,"ALE","XGB"
"88","ADI","workflow",0.0943172039836645,0.356106221455337,0,"ALE","XGB"
"89","ADI","workflow",0.0958398005366326,0.343865195109547,0,"ALE","XGB"
"90","ADI","workflow",0.0975889689475298,0.321476984723951,0,"ALE","XGB"
"91","ADI","workflow",0.0996884718537331,0.30333302951225,0,"ALE","XGB"
"92","ADI","workflow",0.101642096936703,0.296175746231358,0,"ALE","XGB"
"93","ADI","workflow",0.103726327121258,0.267075305774704,0,"ALE","XGB"
"94","ADI","workflow",0.10583908252418,0.267075305774704,0,"ALE","XGB"
"95","ADI","workflow",0.107792091965675,0.267075305774704,0,"ALE","XGB"
"96","ADI","workflow",0.11078092046082,0.267075305774704,0,"ALE","XGB"
"97","ADI","workflow",0.113943008482456,0.267075305774704,0,"ALE","XGB"
"98","ADI","workflow",0.118041687309742,0.267075305774704,0,"ALE","XGB"
"99","ADI","workflow",0.123642599433661,0.267075305774704,0,"ALE","XGB"
"100","ADI","workflow",0.133561267405748,0.267075305774704,0,"ALE","XGB"
"101","ADI","workflow",0.211565405130386,0.267075305774704,0,"ALE","XGB"
"102","clay","workflow",4.71596336364746,0.487108522302938,0,"ALE","XGB"
"103","clay","workflow",8.77193964004517,0.487108522302938,0,"ALE","XGB"
"104","clay","workflow",9.37194967269897,0.487108522302938,0,"ALE","XGB"
"105","clay","workflow",9.86162863731384,0.487108522302938,0,"ALE","XGB"
"106","clay","workflow",10.2166178894043,0.487108522302938,0,"ALE","XGB"
"107","clay","workflow",10.4945970058441,0.487108522302938,0,"ALE","XGB"
"108","clay","workflow",10.7672427368164,0.487108522302938,0,"ALE","XGB"
"109","clay","workflow",11.0781342506409,0.496872300762769,0,"ALE","XGB"
"110","clay","workflow",11.2917914962769,0.499298197289597,0,"ALE","XGB"
"111","clay","workflow",11.5179553222656,0.501258821411602,0,"ALE","XGB"
"112","clay","workflow",11.7422994613647,0.502402411180453,0,"ALE","XGB"
"113","clay","workflow",11.9823381996155,0.502606620898003,0,"ALE","XGB"
"114","clay","workflow",12.1681652450562,0.503806279046116,0,"ALE","XGB"
"115","clay","workflow",12.3662195205688,0.501206793215888,0,"ALE","XGB"
"116","clay","workflow",12.5703001403809,0.500237853609663,0,"ALE","XGB"
"117","clay","workflow",12.7686542987823,0.500804015376138,0,"ALE","XGB"
"118","clay","workflow",12.9465233230591,0.495934665725463,0,"ALE","XGB"
"119","clay","workflow",13.0960405826569,0.490906960642709,0,"ALE","XGB"
"120","clay","workflow",13.2673747253418,0.489994844452345,0,"ALE","XGB"
"121","clay","workflow",13.446640625,0.487830254377382,0,"ALE","XGB"
"122","clay","workflow",13.6218183517456,0.490941808667155,0,"ALE","XGB"
"123","clay","workflow",13.8041923141479,0.492115569502242,0,"ALE","XGB"
"124","clay","workflow",13.95032995224,0.495142024285327,0,"ALE","XGB"
"125","clay","workflow",14.1158609771729,0.495781661672872,0,"ALE","XGB"
"126","clay","workflow",14.2703537368774,0.494905957990533,0,"ALE","XGB"
"127","clay","workflow",14.438604593277,0.487951177357928,0,"ALE","XGB"
"128","clay","workflow",14.5797883796692,0.488760961446403,0,"ALE","XGB"
"129","clay","workflow",14.7311808013916,0.490864073429432,0,"ALE","XGB"
"130","clay","workflow",14.8725826644897,0.491568767233256,0,"ALE","XGB"
"131","clay","workflow",15.0251324653625,0.491374913372931,0,"ALE","XGB"
"132","clay","workflow",15.1577564239502,0.485813512861522,0,"ALE","XGB"
"133","clay","workflow",15.2764030647278,0.486690895121971,0,"ALE","XGB"
"134","clay","workflow",15.3923690795898,0.487749198175533,0,"ALE","XGB"
"135","clay","workflow",15.5117881965637,0.487635251203706,0,"ALE","XGB"
"136","clay","workflow",15.623465385437,0.497651910127536,0,"ALE","XGB"
"137","clay","workflow",15.7424586296082,0.499786033674445,0,"ALE","XGB"
"138","clay","workflow",15.8298295974731,0.499375099966592,0,"ALE","XGB"
"139","clay","workflow",15.9311791992188,0.49888134755007,0,"ALE","XGB"
"140","clay","workflow",16.0530090332031,0.49729004286899,0,"ALE","XGB"
"141","clay","workflow",16.1620750808716,0.498325194508464,0,"ALE","XGB"
"142","clay","workflow",16.2641147613525,0.497772460229221,0,"ALE","XGB"
"143","clay","workflow",16.3778821754456,0.496955433788482,0,"ALE","XGB"
"144","clay","workflow",16.4737478637695,0.49770344541439,0,"ALE","XGB"
"145","clay","workflow",16.5681690406799,0.498570251678097,0,"ALE","XGB"
"146","clay","workflow",16.6484353637695,0.500863998427376,0,"ALE","XGB"
"147","clay","workflow",16.7389374732971,0.501303931479803,0,"ALE","XGB"
"148","clay","workflow",16.8387380981445,0.503620337074655,0,"ALE","XGB"
"149","clay","workflow",16.9263672447205,0.503715384501859,0,"ALE","XGB"
"150","clay","workflow",17.0089022827148,0.503945917902666,0,"ALE","XGB"
"151","clay","workflow",17.1122715568542,0.503768006297541,0,"ALE","XGB"
"152","clay","workflow",17.1926774978638,0.503353449897458,0,"ALE","XGB"
"153","clay","workflow",17.2952753639221,0.502999284289583,0,"ALE","XGB"
"154","clay","workflow",17.3974481964111,0.503144756889526,0,"ALE","XGB"
"155","clay","workflow",17.4777202606201,0.502663902212825,0,"ALE","XGB"
"156","clay","workflow",17.5687887573242,0.501305546757623,0,"ALE","XGB"
"157","clay","workflow",17.6604740142822,0.497788243908789,0,"ALE","XGB"
"158","clay","workflow",17.744946975708,0.498215299016049,0,"ALE","XGB"
"159","clay","workflow",17.830263671875,0.49946347064262,0,"ALE","XGB"
"160","clay","workflow",17.9242247009277,0.497838651550027,0,"ALE","XGB"
"161","clay","workflow",18.0002746009827,0.497073547287183,0,"ALE","XGB"
"162","clay","workflow",18.0826442718506,0.495519531278071,0,"ALE","XGB"
"163","clay","workflow",18.1604969787598,0.495812935425607,0,"ALE","XGB"
"164","clay","workflow",18.2394030380249,0.493503326822466,0,"ALE","XGB"
"165","clay","workflow",18.3090038299561,0.491996638113906,0,"ALE","XGB"
"166","clay","workflow",18.3733966064453,0.491456075019088,0,"ALE","XGB"
"167","clay","workflow",18.4605059623718,0.485051539927162,0,"ALE","XGB"
"168","clay","workflow",18.5366325759888,0.483578656227213,0,"ALE","XGB"
"169","clay","workflow",18.5995143508911,0.483578944953441,0,"ALE","XGB"
"170","clay","workflow",18.6751003265381,0.483350180323304,0,"ALE","XGB"
"171","clay","workflow",18.7665058708191,0.481077008385283,0,"ALE","XGB"
"172","clay","workflow",18.8500612258911,0.481145334984695,0,"ALE","XGB"
"173","clay","workflow",18.9255332756042,0.481750205321353,0,"ALE","XGB"
"174","clay","workflow",18.9979803466797,0.481029594571036,0,"ALE","XGB"
"175","clay","workflow",19.0802839851379,0.480205852189436,0,"ALE","XGB"
"176","clay","workflow",19.1796968460083,0.479491484909865,0,"ALE","XGB"
"177","clay","workflow",19.277533531189,0.479254579051225,0,"ALE","XGB"
"178","clay","workflow",19.393118057251,0.477571015951941,0,"ALE","XGB"
"179","clay","workflow",19.5130703163147,0.478992606477631,0,"ALE","XGB"
"180","clay","workflow",19.6454505157471,0.478523583144441,0,"ALE","XGB"
"181","clay","workflow",19.7737174415588,0.480396969363528,0,"ALE","XGB"
"182","clay","workflow",19.9269264221191,0.483622451625053,0,"ALE","XGB"
"183","clay","workflow",20.0959107589722,0.483524786286407,0,"ALE","XGB"
"184","clay","workflow",20.2652828979492,0.482584347022274,0,"ALE","XGB"
"185","clay","workflow",20.4538668060303,0.483246335617391,0,"ALE","XGB"
"186","clay","workflow",20.6214208221436,0.484069713520354,0,"ALE","XGB"
"187","clay","workflow",20.8101634025574,0.483488845622448,0,"ALE","XGB"
"188","clay","workflow",21.0349295043945,0.485102112710379,0,"ALE","XGB"
"189","clay","workflow",21.3682493400574,0.481835297367973,0,"ALE","XGB"
"190","clay","workflow",21.6171188354492,0.48032451566848,0,"ALE","XGB"
"191","clay","workflow",21.8784464645386,0.480568957365038,0,"ALE","XGB"
"192","clay","workflow",22.1946544647217,0.480568957365038,0,"ALE","XGB"
"193","clay","workflow",22.5027165985107,0.482059459999171,0,"ALE","XGB"
"194","clay","workflow",22.8163488006592,0.478475808257621,0,"ALE","XGB"
"195","clay","workflow",23.1276434898376,0.477172282483604,0,"ALE","XGB"
"196","clay","workflow",23.6141236495972,0.477172282483604,0,"ALE","XGB"
"197","clay","workflow",24.111288356781,0.477172282483604,0,"ALE","XGB"
"198","clay","workflow",24.6354293060303,0.477172282483604,0,"ALE","XGB"
"199","clay","workflow",25.2988567352295,0.477172282483604,0,"ALE","XGB"
"200","clay","workflow",26.2574325180054,0.477172282483604,0,"ALE","XGB"
"201","clay","workflow",28.3681141471863,0.477172282483604,0,"ALE","XGB"
"202","clay","workflow",48.6840324401855,0.477172282483604,0,"ALE","XGB"
"203","GSPDD5","workflow",0.0511298701167107,0.440398958815277,0,"ALE","XGB"
"204","GSPDD5","workflow",0.0968480978906155,0.440398958815277,0,"ALE","XGB"
"205","GSPDD5","workflow",0.10641885086894,0.440398958815277,0,"ALE","XGB"
"206","GSPDD5","workflow",0.11430834159255,0.440398958815277,0,"ALE","XGB"
"207","GSPDD5","workflow",0.119628803730011,0.440398958815277,0,"ALE","XGB"
"208","GSPDD5","workflow",0.124633362144232,0.440398958815277,0,"ALE","XGB"
"209","GSPDD5","workflow",0.129354850053787,0.443077975265073,0,"ALE","XGB"
"210","GSPDD5","workflow",0.134053288698196,0.459322825683179,0,"ALE","XGB"
"211","GSPDD5","workflow",0.137353063225746,0.463097253923396,0,"ALE","XGB"
"212","GSPDD5","workflow",0.140816278755665,0.462953178243874,0,"ALE","XGB"
"213","GSPDD5","workflow",0.144397222995758,0.462953178243874,0,"ALE","XGB"
"214","GSPDD5","workflow",0.147162722945213,0.465973260112354,0,"ALE","XGB"
"215","GSPDD5","workflow",0.150392023324966,0.464904676258945,0,"ALE","XGB"
"216","GSPDD5","workflow",0.153060664832592,0.451485780848825,0,"ALE","XGB"
"217","GSPDD5","workflow",0.155663947463036,0.451943728336532,0,"ALE","XGB"
"218","GSPDD5","workflow",0.158471981436014,0.452967919283956,0,"ALE","XGB"
"219","GSPDD5","workflow",0.160628950595856,0.452476579113762,0,"ALE","XGB"
"220","GSPDD5","workflow",0.162648861259222,0.457401892591063,0,"ALE","XGB"
"221","GSPDD5","workflow",0.164706161916256,0.45763349744527,0,"ALE","XGB"
"222","GSPDD5","workflow",0.167385025918484,0.475786075067559,0,"ALE","XGB"
"223","GSPDD5","workflow",0.16972943842411,0.492704360913405,0,"ALE","XGB"
"224","GSPDD5","workflow",0.171937328726053,0.50792547574133,0,"ALE","XGB"
"225","GSPDD5","workflow",0.174254706501961,0.507822204738239,0,"ALE","XGB"
"226","GSPDD5","workflow",0.176642964482307,0.508129728659436,0,"ALE","XGB"
"227","GSPDD5","workflow",0.178833562731743,0.50738702612054,0,"ALE","XGB"
"228","GSPDD5","workflow",0.181076034903526,0.50850886501952,0,"ALE","XGB"
"229","GSPDD5","workflow",0.183601877093315,0.508684926018223,0,"ALE","XGB"
"230","GSPDD5","workflow",0.185872986614704,0.510295424791372,0,"ALE","XGB"
"231","GSPDD5","workflow",0.188139448165894,0.511843568802656,0,"ALE","XGB"
"232","GSPDD5","workflow",0.191002222597599,0.514661637143376,0,"ALE","XGB"
"233","GSPDD5","workflow",0.193580225110054,0.51541070828489,0,"ALE","XGB"
"234","GSPDD5","workflow",0.195852563232183,0.512679032554385,0,"ALE","XGB"
"235","GSPDD5","workflow",0.198484256267548,0.513458146792646,0,"ALE","XGB"
"236","GSPDD5","workflow",0.20072183817625,0.514096653441373,0,"ALE","XGB"
"237","GSPDD5","workflow",0.203620834946632,0.519650689425025,0,"ALE","XGB"
"238","GSPDD5","workflow",0.20578097179532,0.519120179815145,0,"ALE","XGB"
"239","GSPDD5","workflow",0.208415939211845,0.522622079009843,0,"ALE","XGB"
"240","GSPDD5","workflow",0.211071967482567,0.523961861565715,0,"ALE","XGB"
"241","GSPDD5","workflow",0.213756866753101,0.524027825355049,0,"ALE","XGB"
"242","GSPDD5","workflow",0.216479718536139,0.524238364180396,0,"ALE","XGB"
"243","GSPDD5","workflow",0.21889400780201,0.52291596477872,0,"ALE","XGB"
"244","GSPDD5","workflow",0.221802803575993,0.519091805207361,0,"ALE","XGB"
"245","GSPDD5","workflow",0.224416540265083,0.517686187669559,0,"ALE","XGB"
"246","GSPDD5","workflow",0.226818072497845,0.517335537898653,0,"ALE","XGB"
"247","GSPDD5","workflow",0.229682261347771,0.517419287077042,0,"ALE","XGB"
"248","GSPDD5","workflow",0.232166883349419,0.517419287077042,0,"ALE","XGB"
"249","GSPDD5","workflow",0.235913001298904,0.518825547163998,0,"ALE","XGB"
"250","GSPDD5","workflow",0.239013636112213,0.516092519963009,0,"ALE","XGB"
"251","GSPDD5","workflow",0.242219423651695,0.516064259924497,0,"ALE","XGB"
"252","GSPDD5","workflow",0.245970419943333,0.509581053344175,0,"ALE","XGB"
"253","GSPDD5","workflow",0.248803861439228,0.508238272781905,0,"ALE","XGB"
"254","GSPDD5","workflow",0.25212301492691,0.50836333035911,0,"ALE","XGB"
"255","GSPDD5","workflow",0.256100199222565,0.507082484833655,0,"ALE","XGB"
"256","GSPDD5","workflow",0.259334192276001,0.505240537836361,0,"ALE","XGB"
"257","GSPDD5","workflow",0.262915084958076,0.504284396943376,0,"ALE","XGB"
"258","GSPDD5","workflow",0.266357919573784,0.504074587836312,0,"ALE","XGB"
"259","GSPDD5","workflow",0.269678251743317,0.503874174548153,0,"ALE","XGB"
"260","GSPDD5","workflow",0.273363708257675,0.502918117564931,0,"ALE","XGB"
"261","GSPDD5","workflow",0.277243867516518,0.501237306080584,0,"ALE","XGB"
"262","GSPDD5","workflow",0.280688334107399,0.501253287035777,0,"ALE","XGB"
"263","GSPDD5","workflow",0.284371167421341,0.49990796274307,0,"ALE","XGB"
"264","GSPDD5","workflow",0.287760828137398,0.499426678223178,0,"ALE","XGB"
"265","GSPDD5","workflow",0.292383503913879,0.502069330300968,0,"ALE","XGB"
"266","GSPDD5","workflow",0.296061518192291,0.511747604421781,0,"ALE","XGB"
"267","GSPDD5","workflow",0.299753868579865,0.512308323914336,0,"ALE","XGB"
"268","GSPDD5","workflow",0.303447926044464,0.512677055948495,0,"ALE","XGB"
"269","GSPDD5","workflow",0.3085716599226,0.517929048631495,0,"ALE","XGB"
"270","GSPDD5","workflow",0.313976803123951,0.525129480552551,0,"ALE","XGB"
"271","GSPDD5","workflow",0.318616173267365,0.527438024882101,0,"ALE","XGB"
"272","GSPDD5","workflow",0.324652481675148,0.526626684216946,0,"ALE","XGB"
"273","GSPDD5","workflow",0.329559001326561,0.526041421815609,0,"ALE","XGB"
"274","GSPDD5","workflow",0.334960897862911,0.526519726783043,0,"ALE","XGB"
"275","GSPDD5","workflow",0.340215760469437,0.529693548099854,0,"ALE","XGB"
"276","GSPDD5","workflow",0.346033009886742,0.530391898659318,0,"ALE","XGB"
"277","GSPDD5","workflow",0.351884074211121,0.530150357355133,0,"ALE","XGB"
"278","GSPDD5","workflow",0.360161155462265,0.530305859922141,0,"ALE","XGB"
"279","GSPDD5","workflow",0.367513819932938,0.530429578511556,0,"ALE","XGB"
"280","GSPDD5","workflow",0.374553671777248,0.517981462048637,0,"ALE","XGB"
"281","GSPDD5","workflow",0.38344370663166,0.512743511062656,0,"ALE","XGB"
"282","GSPDD5","workflow",0.391934708058834,0.511411815839337,0,"ALE","XGB"
"283","GSPDD5","workflow",0.401070320606232,0.505762158086884,0,"ALE","XGB"
"284","GSPDD5","workflow",0.411754521727562,0.501966673003031,0,"ALE","XGB"
"285","GSPDD5","workflow",0.424041392803192,0.493574265863308,0,"ALE","XGB"
"286","GSPDD5","workflow",0.437705573141575,0.489909936910552,0,"ALE","XGB"
"287","GSPDD5","workflow",0.452483518123627,0.469651665569297,0,"ALE","XGB"
"288","GSPDD5","workflow",0.465195146203041,0.471346585971618,0,"ALE","XGB"
"289","GSPDD5","workflow",0.479144432544708,0.472027079979652,0,"ALE","XGB"
"290","GSPDD5","workflow",0.495074455440044,0.473990733625125,0,"ALE","XGB"
"291","GSPDD5","workflow",0.51208701133728,0.475189895026061,0,"ALE","XGB"
"292","GSPDD5","workflow",0.531478645801544,0.47433380992329,0,"ALE","XGB"
"293","GSPDD5","workflow",0.553658831119537,0.486005343547746,0,"ALE","XGB"
"294","GSPDD5","workflow",0.574913010597229,0.485464956864286,0,"ALE","XGB"
"295","GSPDD5","workflow",0.605701849460602,0.466629015938289,0,"ALE","XGB"
"296","GSPDD5","workflow",0.636961621642113,0.445911843507768,0,"ALE","XGB"
"297","GSPDD5","workflow",0.677600727081299,0.434537710241531,0,"ALE","XGB"
"298","GSPDD5","workflow",0.720192858576775,0.412284639717474,0,"ALE","XGB"
"299","GSPDD5","workflow",0.765102794170379,0.410582947733977,0,"ALE","XGB"
"300","GSPDD5","workflow",0.836987243294714,0.405757348015078,0,"ALE","XGB"
"301","GSPDD5","workflow",0.935853589773178,0.405757348015078,0,"ALE","XGB"
"302","GSPDD5","workflow",1.09234563469887,0.405757348015078,0,"ALE","XGB"
"303","GSPDD5","workflow",1.85024845600128,0.405757348015078,0,"ALE","XGB"
"304","hli","workflow",0.304473996162415,0.534787070139127,0,"ALE","XGB"
"305","hli","workflow",0.457353624403477,0.534787070139127,0,"ALE","XGB"
"306","hli","workflow",0.501449339389801,0.534787070139127,0,"ALE","XGB"
"307","hli","workflow",0.52742370724678,0.534787070139127,0,"ALE","XGB"
"308","hli","workflow",0.547931709289551,0.540427914997985,0,"ALE","XGB"
"309","hli","workflow",0.56811104118824,0.549867967212028,0,"ALE","XGB"
"310","hli","workflow",0.583228458166122,0.557016083787751,0,"ALE","XGB"
"311","hli","workflow",0.59714142203331,0.556959914999716,0,"ALE","XGB"
"312","hli","workflow",0.608538568019867,0.557792940092143,0,"ALE","XGB"
"313","hli","workflow",0.619895872473717,0.555840764782285,0,"ALE","XGB"
"314","hli","workflow",0.630372679233551,0.556125520276735,0,"ALE","XGB"
"315","hli","workflow",0.636716909408569,0.55559458947169,0,"ALE","XGB"
"316","hli","workflow",0.644844274520874,0.556125921908854,0,"ALE","XGB"
"317","hli","workflow",0.651092621088028,0.556125921908854,0,"ALE","XGB"
"318","hli","workflow",0.657689654827118,0.554496453619224,0,"ALE","XGB"
"319","hli","workflow",0.663142177462578,0.538967581248579,0,"ALE","XGB"
"320","hli","workflow",0.668256480693817,0.536582039797879,0,"ALE","XGB"
"321","hli","workflow",0.673858354687691,0.526161628718375,0,"ALE","XGB"
"322","hli","workflow",0.67840584397316,0.520457792820079,0,"ALE","XGB"
"323","hli","workflow",0.682638609409332,0.519611129250988,0,"ALE","XGB"
"324","hli","workflow",0.686857748031616,0.519097275714644,0,"ALE","XGB"
"325","hli","workflow",0.690653430819511,0.517427438402239,0,"ALE","XGB"
"326","hli","workflow",0.694480057954788,0.517171187997556,0,"ALE","XGB"
"327","hli","workflow",0.698387491703033,0.517734155653837,0,"ALE","XGB"
"328","hli","workflow",0.701739673614502,0.517893069549845,0,"ALE","XGB"
"329","hli","workflow",0.705524936318398,0.515871324007285,0,"ALE","XGB"
"330","hli","workflow",0.709499907493591,0.51673510452895,0,"ALE","XGB"
"331","hli","workflow",0.713606746196747,0.512296233718073,0,"ALE","XGB"
"332","hli","workflow",0.717549824714661,0.501724926574099,0,"ALE","XGB"
"333","hli","workflow",0.721360253095627,0.500142020100053,0,"ALE","XGB"
"334","hli","workflow",0.724729460477829,0.495341822670192,0,"ALE","XGB"
"335","hli","workflow",0.727899766564369,0.490853333126669,0,"ALE","XGB"
"336","hli","workflow",0.731055915355682,0.484902278155366,0,"ALE","XGB"
"337","hli","workflow",0.73345249414444,0.484043335407367,0,"ALE","XGB"
"338","hli","workflow",0.736635637283325,0.477175279291486,0,"ALE","XGB"
"339","hli","workflow",0.73922127187252,0.474636708780706,0,"ALE","XGB"
"340","hli","workflow",0.741704182624817,0.472059156312397,0,"ALE","XGB"
"341","hli","workflow",0.744126731753349,0.469248660174061,0,"ALE","XGB"
"342","hli","workflow",0.746504081487656,0.468135164243758,0,"ALE","XGB"
"343","hli","workflow",0.749006474018097,0.466840969930979,0,"ALE","XGB"
"344","hli","workflow",0.75164783000946,0.464239677914596,0,"ALE","XGB"
"345","hli","workflow",0.753715932369232,0.463871459248917,0,"ALE","XGB"
"346","hli","workflow",0.755675399303436,0.463032888157427,0,"ALE","XGB"
"347","hli","workflow",0.757583780884743,0.46309210835261,0,"ALE","XGB"
"348","hli","workflow",0.759582829475403,0.46153330732384,0,"ALE","XGB"
"349","hli","workflow",0.761778119206429,0.456635100148796,0,"ALE","XGB"
"350","hli","workflow",0.76406118273735,0.455319550093706,0,"ALE","XGB"
"351","hli","workflow",0.766252434253693,0.455268649266766,0,"ALE","XGB"
"352","hli","workflow",0.768625431060791,0.455822315240382,0,"ALE","XGB"
"353","hli","workflow",0.771142411828041,0.455497985597485,0,"ALE","XGB"
"354","hli","workflow",0.773006021976471,0.456273843700044,0,"ALE","XGB"
"355","hli","workflow",0.775334236621857,0.45661476836644,0,"ALE","XGB"
"356","hli","workflow",0.777506730556488,0.455019106361724,0,"ALE","XGB"
"357","hli","workflow",0.779850487112999,0.454303232146509,0,"ALE","XGB"
"358","hli","workflow",0.7821910405159,0.453097783521971,0,"ALE","XGB"
"359","hli","workflow",0.784947335720062,0.454634660682982,0,"ALE","XGB"
"360","hli","workflow",0.787414276599884,0.456454416562262,0,"ALE","XGB"
"361","hli","workflow",0.789607120752335,0.45738805126213,0,"ALE","XGB"
"362","hli","workflow",0.792011172771454,0.457162226632895,0,"ALE","XGB"
"363","hli","workflow",0.794591351151466,0.456588288759981,0,"ALE","XGB"
"364","hli","workflow",0.797476434707642,0.457145245283587,0,"ALE","XGB"
"365","hli","workflow",0.800098837614059,0.459142171343457,0,"ALE","XGB"
"366","hli","workflow",0.802630101442337,0.462486846215606,0,"ALE","XGB"
"367","hli","workflow",0.805643645524979,0.464252314993511,0,"ALE","XGB"
"368","hli","workflow",0.808208267688751,0.468729521037368,0,"ALE","XGB"
"369","hli","workflow",0.810796546936035,0.471158107602048,0,"ALE","XGB"
"370","hli","workflow",0.814023883342743,0.472351306446115,0,"ALE","XGB"
"371","hli","workflow",0.816783503890038,0.472719694435007,0,"ALE","XGB"
"372","hli","workflow",0.819659154415131,0.47304717638124,0,"ALE","XGB"
"373","hli","workflow",0.822465141415596,0.474798169033276,0,"ALE","XGB"
"374","hli","workflow",0.826346158981323,0.474221024303657,0,"ALE","XGB"
"375","hli","workflow",0.829816493988037,0.474529814292822,0,"ALE","XGB"
"376","hli","workflow",0.833175811767578,0.476786435052882,0,"ALE","XGB"
"377","hli","workflow",0.836121182441711,0.477824934299393,0,"ALE","XGB"
"378","hli","workflow",0.839183529615402,0.478134573467867,0,"ALE","XGB"
"379","hli","workflow",0.842248126864433,0.480513333163111,0,"ALE","XGB"
"380","hli","workflow",0.845269141197205,0.481011622829691,0,"ALE","XGB"
"381","hli","workflow",0.84794389128685,0.482813407462498,0,"ALE","XGB"
"382","hli","workflow",0.851117726564407,0.488743376557514,0,"ALE","XGB"
"383","hli","workflow",0.854843217134476,0.498967186421074,0,"ALE","XGB"
"384","hli","workflow",0.857841396331787,0.498967186421074,0,"ALE","XGB"
"385","hli","workflow",0.861333963274956,0.499391896553684,0,"ALE","XGB"
"386","hli","workflow",0.865530413389206,0.500683789889761,0,"ALE","XGB"
"387","hli","workflow",0.869219228029251,0.500005842603409,0,"ALE","XGB"
"388","hli","workflow",0.873147675991058,0.500930370952593,0,"ALE","XGB"
"389","hli","workflow",0.877045300602913,0.50032409210251,0,"ALE","XGB"
"390","hli","workflow",0.881266453266144,0.500727160886163,0,"ALE","XGB"
"391","hli","workflow",0.886370869278908,0.498554528591756,0,"ALE","XGB"
"392","hli","workflow",0.889866251945496,0.497658918502572,0,"ALE","XGB"
"393","hli","workflow",0.895593755841255,0.481304966281299,0,"ALE","XGB"
"394","hli","workflow",0.900861668586731,0.479045436603188,0,"ALE","XGB"
"395","hli","workflow",0.906881712675095,0.477378144596202,0,"ALE","XGB"
"396","hli","workflow",0.911953222751617,0.475937536185604,0,"ALE","XGB"
"397","hli","workflow",0.918101958632469,0.46812606584633,0,"ALE","XGB"
"398","hli","workflow",0.924066742658615,0.468542861691311,0,"ALE","XGB"
"399","hli","workflow",0.930339592695236,0.466526769601071,0,"ALE","XGB"
"400","hli","workflow",0.937343597412109,0.461117383633983,0,"ALE","XGB"
"401","hli","workflow",0.947495297193527,0.452661446103397,0,"ALE","XGB"
"402","hli","workflow",0.956368683576584,0.452661446103397,0,"ALE","XGB"
"403","hli","workflow",0.970010319948196,0.452661446103397,0,"ALE","XGB"
"404","hli","workflow",0.997711598873138,0.452661446103397,0,"ALE","XGB"
"405","PRATIO","workflow",0.323296993970871,0.54876115759647,0,"ALE","XGB"
"406","PRATIO","workflow",0.367739140093327,0.54876115759647,0,"ALE","XGB"
"407","PRATIO","workflow",0.380618541240692,0.54876115759647,0,"ALE","XGB"
"408","PRATIO","workflow",0.387781541347504,0.54876115759647,0,"ALE","XGB"
"409","PRATIO","workflow",0.392348082065582,0.551340671745522,0,"ALE","XGB"
"410","PRATIO","workflow",0.397183039784431,0.551340671745522,0,"ALE","XGB"
"411","PRATIO","workflow",0.400432851910591,0.546930626509925,0,"ALE","XGB"
"412","PRATIO","workflow",0.404595314264298,0.557192229085338,0,"ALE","XGB"
"413","PRATIO","workflow",0.408328419923782,0.55762670485337,0,"ALE","XGB"
"414","PRATIO","workflow",0.411991420388222,0.556412880709476,0,"ALE","XGB"
"415","PRATIO","workflow",0.414866289496422,0.556888051023386,0,"ALE","XGB"
"416","PRATIO","workflow",0.418084394335747,0.557082495554426,0,"ALE","XGB"
"417","PRATIO","workflow",0.420698095560074,0.559025797858457,0,"ALE","XGB"
"418","PRATIO","workflow",0.422965562343597,0.559299551762337,0,"ALE","XGB"
"419","PRATIO","workflow",0.425261545777321,0.560011021296594,0,"ALE","XGB"
"420","PRATIO","workflow",0.427926778793335,0.559771356185179,0,"ALE","XGB"
"421","PRATIO","workflow",0.430605962276459,0.560605347228428,0,"ALE","XGB"
"422","PRATIO","workflow",0.433000102341175,0.560940044474698,0,"ALE","XGB"
"423","PRATIO","workflow",0.435162866711617,0.561741288937673,0,"ALE","XGB"
"424","PRATIO","workflow",0.437250881195068,0.565005574683141,0,"ALE","XGB"
"425","PRATIO","workflow",0.43920990228653,0.564507601124606,0,"ALE","XGB"
"426","PRATIO","workflow",0.44126540273428,0.571077404096665,0,"ALE","XGB"
"427","PRATIO","workflow",0.443414474725723,0.576593646623287,0,"ALE","XGB"
"428","PRATIO","workflow",0.445690740942955,0.57718656900904,0,"ALE","XGB"
"429","PRATIO","workflow",0.447635151147842,0.578978929996941,0,"ALE","XGB"
"430","PRATIO","workflow",0.449455663561821,0.578548469223047,0,"ALE","XGB"
"431","PRATIO","workflow",0.451629465222359,0.579561708353413,0,"ALE","XGB"
"432","PRATIO","workflow",0.453403081595898,0.57967476277265,0,"ALE","XGB"
"433","PRATIO","workflow",0.455268360376358,0.579972366483556,0,"ALE","XGB"
"434","PRATIO","workflow",0.457107535600662,0.579902995177751,0,"ALE","XGB"
"435","PRATIO","workflow",0.459322467446327,0.581951444154382,0,"ALE","XGB"
"436","PRATIO","workflow",0.46106353610754,0.582788777843506,0,"ALE","XGB"
"437","PRATIO","workflow",0.462892402410507,0.582568969853495,0,"ALE","XGB"
"438","PRATIO","workflow",0.465181429088116,0.582370539911228,0,"ALE","XGB"
"439","PRATIO","workflow",0.466826034784317,0.581877300773904,0,"ALE","XGB"
"440","PRATIO","workflow",0.468894651532173,0.579663235900494,0,"ALE","XGB"
"441","PRATIO","workflow",0.470709465742111,0.570325036199373,0,"ALE","XGB"
"442","PRATIO","workflow",0.472310338616371,0.566655872214248,0,"ALE","XGB"
"443","PRATIO","workflow",0.474074208140373,0.559184605068101,0,"ALE","XGB"
"444","PRATIO","workflow",0.476535376906395,0.557660776995359,0,"ALE","XGB"
"445","PRATIO","workflow",0.478939098119736,0.55753405261999,0,"ALE","XGB"
"446","PRATIO","workflow",0.481215315163136,0.556131689708652,0,"ALE","XGB"
"447","PRATIO","workflow",0.483470005989075,0.557415357155738,0,"ALE","XGB"
"448","PRATIO","workflow",0.485433552861214,0.55224749348258,0,"ALE","XGB"
"449","PRATIO","workflow",0.487534838914871,0.539200013040194,0,"ALE","XGB"
"450","PRATIO","workflow",0.489905671775341,0.537830272132727,0,"ALE","XGB"
"451","PRATIO","workflow",0.491871845722198,0.540817980563241,0,"ALE","XGB"
"452","PRATIO","workflow",0.494353980123997,0.544898582749055,0,"ALE","XGB"
"453","PRATIO","workflow",0.496214511394501,0.543509449651945,0,"ALE","XGB"
"454","PRATIO","workflow",0.498199894428253,0.542325936669599,0,"ALE","XGB"
"455","PRATIO","workflow",0.500430762767792,0.541538163236104,0,"ALE","XGB"
"456","PRATIO","workflow",0.502899069786072,0.529937034633584,0,"ALE","XGB"
"457","PRATIO","workflow",0.505077617168426,0.5233436083177,0,"ALE","XGB"
"458","PRATIO","workflow",0.507414301633835,0.515871458912462,0,"ALE","XGB"
"459","PRATIO","workflow",0.509953527450562,0.508055594857058,0,"ALE","XGB"
"460","PRATIO","workflow",0.512676867842674,0.508906447137436,0,"ALE","XGB"
"461","PRATIO","workflow",0.515286839008331,0.508438791540551,0,"ALE","XGB"
"462","PRATIO","workflow",0.518455492258072,0.510686874937599,0,"ALE","XGB"
"463","PRATIO","workflow",0.521922653913498,0.508258169066248,0,"ALE","XGB"
"464","PRATIO","workflow",0.524547879099846,0.505354597934178,0,"ALE","XGB"
"465","PRATIO","workflow",0.528182911872864,0.511375802475303,0,"ALE","XGB"
"466","PRATIO","workflow",0.532193039655685,0.508889829437764,0,"ALE","XGB"
"467","PRATIO","workflow",0.535477802753448,0.502837581200532,0,"ALE","XGB"
"468","PRATIO","workflow",0.539570492506027,0.491738435889209,0,"ALE","XGB"
"469","PRATIO","workflow",0.54310120344162,0.477784059237135,0,"ALE","XGB"
"470","PRATIO","workflow",0.54707370698452,0.474843075672364,0,"ALE","XGB"
"471","PRATIO","workflow",0.551360611915588,0.472824082269994,0,"ALE","XGB"
"472","PRATIO","workflow",0.555821541547775,0.449254528464845,0,"ALE","XGB"
"473","PRATIO","workflow",0.560618278980255,0.420246567387868,0,"ALE","XGB"
"474","PRATIO","workflow",0.564962447285652,0.420246567387868,0,"ALE","XGB"
"475","PRATIO","workflow",0.569273579120636,0.420338909756459,0,"ALE","XGB"
"476","PRATIO","workflow",0.572305417656898,0.417824523701869,0,"ALE","XGB"
"477","PRATIO","workflow",0.576057350635529,0.417142110554288,0,"ALE","XGB"
"478","PRATIO","workflow",0.581191743016243,0.414136057979418,0,"ALE","XGB"
"479","PRATIO","workflow",0.586488425731659,0.413699711637097,0,"ALE","XGB"
"480","PRATIO","workflow",0.59146323800087,0.41147956872645,0,"ALE","XGB"
"481","PRATIO","workflow",0.596249597072601,0.410018292280082,0,"ALE","XGB"
"482","PRATIO","workflow",0.602595947384834,0.406459515309045,0,"ALE","XGB"
"483","PRATIO","workflow",0.610413264036179,0.404396456456091,0,"ALE","XGB"
"484","PRATIO","workflow",0.616793528795242,0.404087942501985,0,"ALE","XGB"
"485","PRATIO","workflow",0.62337646484375,0.404613877614237,0,"ALE","XGB"
"486","PRATIO","workflow",0.629026066660881,0.399365882532543,0,"ALE","XGB"
"487","PRATIO","workflow",0.63540161728859,0.399992639825678,0,"ALE","XGB"
"488","PRATIO","workflow",0.641589534878731,0.386949111054988,0,"ALE","XGB"
"489","PRATIO","workflow",0.648534288406372,0.38845630493007,0,"ALE","XGB"
"490","PRATIO","workflow",0.654665267467499,0.384812884982135,0,"ALE","XGB"
"491","PRATIO","workflow",0.659273681640625,0.38534582602281,0,"ALE","XGB"
"492","PRATIO","workflow",0.664324497580528,0.384483277340731,0,"ALE","XGB"
"493","PRATIO","workflow",0.671741859912872,0.378962055367947,0,"ALE","XGB"
"494","PRATIO","workflow",0.679483835697174,0.374294497348597,0,"ALE","XGB"
"495","PRATIO","workflow",0.685657638311386,0.36307286505515,0,"ALE","XGB"
"496","PRATIO","workflow",0.691912249326706,0.325525255077296,0,"ALE","XGB"
"497","PRATIO","workflow",0.698308165073395,0.325525255077296,0,"ALE","XGB"
"498","PRATIO","workflow",0.703838192820549,0.31571859300234,0,"ALE","XGB"
"499","PRATIO","workflow",0.710138514041901,0.31571859300234,0,"ALE","XGB"
"500","PRATIO","workflow",0.716069981455803,0.313609040731275,0,"ALE","XGB"
"501","PRATIO","workflow",0.723724761009216,0.313609040731275,0,"ALE","XGB"
"502","PRATIO","workflow",0.732833686470985,0.313609040731275,0,"ALE","XGB"
"503","PRATIO","workflow",0.745478669404984,0.313609040731275,0,"ALE","XGB"
"504","PRATIO","workflow",0.758603355288506,0.313609040731275,0,"ALE","XGB"
"505","PRATIO","workflow",0.800201773643494,0.313609040731275,0,"ALE","XGB"
"506","TD","workflow",17.0194091796875,0.475375658358666,0,"ALE","XGB"
"507","TD","workflow",18.1492690467834,0.475375658358666,0,"ALE","XGB"
"508","TD","workflow",18.4237057113647,0.475375658358666,0,"ALE","XGB"
"509","TD","workflow",18.6039445304871,0.475375658358666,0,"ALE","XGB"
"510","TD","workflow",18.7756601715088,0.483674032096427,0,"ALE","XGB"
"511","TD","workflow",18.9260527610779,0.48638597105193,0,"ALE","XGB"
"512","TD","workflow",19.0539906311035,0.489750964268315,0,"ALE","XGB"
"513","TD","workflow",19.1765310096741,0.494306634494897,0,"ALE","XGB"
"514","TD","workflow",19.2620482635498,0.49252544170921,0,"ALE","XGB"
"515","TD","workflow",19.3410950660706,0.491929395425196,0,"ALE","XGB"
"516","TD","workflow",19.4288280487061,0.489451640271209,0,"ALE","XGB"
"517","TD","workflow",19.5173547363281,0.487250301007497,0,"ALE","XGB"
"518","TD","workflow",19.5993463134766,0.487396404063788,0,"ALE","XGB"
"519","TD","workflow",19.6663294029236,0.493846142837459,0,"ALE","XGB"
"520","TD","workflow",19.741939163208,0.494400219386873,0,"ALE","XGB"
"521","TD","workflow",19.7972635269165,0.494760479121504,0,"ALE","XGB"
"522","TD","workflow",19.8679899597168,0.49596039994492,0,"ALE","XGB"
"523","TD","workflow",19.9340961265564,0.499911874621209,0,"ALE","XGB"
"524","TD","workflow",19.98498878479,0.497962841512072,0,"ALE","XGB"
"525","TD","workflow",20.0452818870544,0.50067547801569,0,"ALE","XGB"
"526","TD","workflow",20.1009937286377,0.504528449572946,0,"ALE","XGB"
"527","TD","workflow",20.1469595718384,0.50657260248123,0,"ALE","XGB"
"528","TD","workflow",20.2001945114136,0.509296898228279,0,"ALE","XGB"
"529","TD","workflow",20.2459820747375,0.510426201768541,0,"ALE","XGB"
"530","TD","workflow",20.2892911529541,0.509899413415548,0,"ALE","XGB"
"531","TD","workflow",20.3291401863098,0.509974823020379,0,"ALE","XGB"
"532","TD","workflow",20.3642894363403,0.508946496619683,0,"ALE","XGB"
"533","TD","workflow",20.4056594848633,0.509540272626679,0,"ALE","XGB"
"534","TD","workflow",20.4454172515869,0.50250003176936,0,"ALE","XGB"
"535","TD","workflow",20.4845785331726,0.501978364615484,0,"ALE","XGB"
"536","TD","workflow",20.5265371322632,0.502275141390398,0,"ALE","XGB"
"537","TD","workflow",20.5630055618286,0.499980261033643,0,"ALE","XGB"
"538","TD","workflow",20.6067864227295,0.500245567042031,0,"ALE","XGB"
"539","TD","workflow",20.6481377029419,0.500608331756084,0,"ALE","XGB"
"540","TD","workflow",20.6907940292358,0.502622658548336,0,"ALE","XGB"
"541","TD","workflow",20.7397117614746,0.501712025145771,0,"ALE","XGB"
"542","TD","workflow",20.7934844207764,0.499081238898955,0,"ALE","XGB"
"543","TD","workflow",20.8374382972717,0.498244180910921,0,"ALE","XGB"
"544","TD","workflow",20.8848003005981,0.499362368136821,0,"ALE","XGB"
"545","TD","workflow",20.9244846534729,0.504648417420541,0,"ALE","XGB"
"546","TD","workflow",20.9685047149658,0.504517284956476,0,"ALE","XGB"
"547","TD","workflow",21.0219151115417,0.503018129582513,0,"ALE","XGB"
"548","TD","workflow",21.0626560211182,0.501198643146526,0,"ALE","XGB"
"549","TD","workflow",21.1048782920837,0.500240959555659,0,"ALE","XGB"
"550","TD","workflow",21.1572659301758,0.49810436525289,0,"ALE","XGB"
"551","TD","workflow",21.2008217811584,0.497929911998273,0,"ALE","XGB"
"552","TD","workflow",21.242258605957,0.498491094125117,0,"ALE","XGB"
"553","TD","workflow",21.2848865509033,0.501761310064756,0,"ALE","XGB"
"554","TD","workflow",21.3264976501465,0.501665828197313,0,"ALE","XGB"
"555","TD","workflow",21.3684894943237,0.501633850320915,0,"ALE","XGB"
"556","TD","workflow",21.4092302322388,0.501633850320915,0,"ALE","XGB"
"557","TD","workflow",21.454831829071,0.500390108877352,0,"ALE","XGB"
"558","TD","workflow",21.5022356414795,0.500322017881612,0,"ALE","XGB"
"559","TD","workflow",21.5378803443909,0.500360902568441,0,"ALE","XGB"
"560","TD","workflow",21.5871117019653,0.499051484622026,0,"ALE","XGB"
"561","TD","workflow",21.6360944747925,0.493846946007721,0,"ALE","XGB"
"562","TD","workflow",21.6794928741455,0.492855624217314,0,"ALE","XGB"
"563","TD","workflow",21.7200267791748,0.492329398519039,0,"ALE","XGB"
"564","TD","workflow",21.7623115158081,0.493176689969114,0,"ALE","XGB"
"565","TD","workflow",21.8052244567871,0.492451605354262,0,"ALE","XGB"
"566","TD","workflow",21.8490329742432,0.492750541586118,0,"ALE","XGB"
"567","TD","workflow",21.8988538742065,0.497356285135377,0,"ALE","XGB"
"568","TD","workflow",21.9453212356567,0.500347763966536,0,"ALE","XGB"
"569","TD","workflow",21.9905324745178,0.501736126650086,0,"ALE","XGB"
"570","TD","workflow",22.032261505127,0.501376954561703,0,"ALE","XGB"
"571","TD","workflow",22.0806010246277,0.501586866305601,0,"ALE","XGB"
"572","TD","workflow",22.1193502426147,0.502400542059183,0,"ALE","XGB"
"573","TD","workflow",22.1724958992004,0.502500825303002,0,"ALE","XGB"
"574","TD","workflow",22.2291219329834,0.503797629692364,0,"ALE","XGB"
"575","TD","workflow",22.2739788627625,0.503797629692364,0,"ALE","XGB"
"576","TD","workflow",22.3286428451538,0.504313382051648,0,"ALE","XGB"
"577","TD","workflow",22.3760313415527,0.504701407155609,0,"ALE","XGB"
"578","TD","workflow",22.4171203613281,0.502165511090759,0,"ALE","XGB"
"579","TD","workflow",22.4617349433899,0.497698978231247,0,"ALE","XGB"
"580","TD","workflow",22.5148486328125,0.497384240327148,0,"ALE","XGB"
"581","TD","workflow",22.5638980865479,0.497048460454866,0,"ALE","XGB"
"582","TD","workflow",22.6123137664795,0.497045228969347,0,"ALE","XGB"
"583","TD","workflow",22.6653231239319,0.496613501985785,0,"ALE","XGB"
"584","TD","workflow",22.7152143478394,0.496803994717079,0,"ALE","XGB"
"585","TD","workflow",22.7731443214417,0.495272728316332,0,"ALE","XGB"
"586","TD","workflow",22.8556201934814,0.495537473125033,0,"ALE","XGB"
"587","TD","workflow",22.9128377532959,0.495675930132391,0,"ALE","XGB"
"588","TD","workflow",22.9637035369873,0.495187673882006,0,"ALE","XGB"
"589","TD","workflow",23.0216577339172,0.494909535377669,0,"ALE","XGB"
"590","TD","workflow",23.0706520843506,0.489378465935568,0,"ALE","XGB"
"591","TD","workflow",23.1408996582031,0.484530879747514,0,"ALE","XGB"
"592","TD","workflow",23.1958882141113,0.480966811739554,0,"ALE","XGB"
"593","TD","workflow",23.2810431289673,0.483037624417933,0,"ALE","XGB"
"594","TD","workflow",23.3600966644287,0.479453449327092,0,"ALE","XGB"
"595","TD","workflow",23.4413300514221,0.46083167216305,0,"ALE","XGB"
"596","TD","workflow",23.5273681640625,0.458041904169258,0,"ALE","XGB"
"597","TD","workflow",23.6286685943604,0.445072370392773,0,"ALE","XGB"
"598","TD","workflow",23.7624496459961,0.441788159650171,0,"ALE","XGB"
"599","TD","workflow",23.8896774864197,0.436664560000258,0,"ALE","XGB"
"600","TD","workflow",24.0658463287354,0.435419564550235,0,"ALE","XGB"
"601","TD","workflow",24.2139951705933,0.4348869789477,0,"ALE","XGB"
"602","TD","workflow",24.4002119445801,0.435306010019086,0,"ALE","XGB"
"603","TD","workflow",24.6050575828552,0.435306010019086,0,"ALE","XGB"
"604","TD","workflow",24.8906394577026,0.435306010019086,0,"ALE","XGB"
"605","TD","workflow",25.3114943885803,0.435306010019086,0,"ALE","XGB"
"606","TD","workflow",28.1633758544922,0.435306010019086,0,"ALE","XGB"
"607","tpi3","workflow",-4.73447370529175,0.626935322801636,0,"ALE","XGB"
"608","tpi3","workflow",-2.11196846485138,0.626935322801636,0,"ALE","XGB"
"609","tpi3","workflow",-1.76331719875336,0.626935322801636,0,"ALE","XGB"
"610","tpi3","workflow",-1.5204697072506,0.626935322801636,0,"ALE","XGB"
"611","tpi3","workflow",-1.3774425983429,0.626935322801636,0,"ALE","XGB"
"612","tpi3","workflow",-1.27643596529961,0.624114832095513,0,"ALE","XGB"
"613","tpi3","workflow",-1.18019072294235,0.617421806371024,0,"ALE","XGB"
"614","tpi3","workflow",-1.08478936910629,0.61334242444836,0,"ALE","XGB"
"615","tpi3","workflow",-1.02314002513885,0.610355820314846,0,"ALE","XGB"
"616","tpi3","workflow",-0.960949862003326,0.60560200734572,0,"ALE","XGB"
"617","tpi3","workflow",-0.903439694643021,0.604977332099483,0,"ALE","XGB"
"618","tpi3","workflow",-0.850056388378143,0.594603555384691,0,"ALE","XGB"
"619","tpi3","workflow",-0.796532986164093,0.591541270727445,0,"ALE","XGB"
"620","tpi3","workflow",-0.755647658705711,0.588855623144561,0,"ALE","XGB"
"621","tpi3","workflow",-0.718900452852249,0.585724142547687,0,"ALE","XGB"
"622","tpi3","workflow",-0.686415487527847,0.584760364827226,0,"ALE","XGB"
"623","tpi3","workflow",-0.641596632003784,0.576001449999308,0,"ALE","XGB"
"624","tpi3","workflow",-0.609314218759537,0.565894235764215,0,"ALE","XGB"
"625","tpi3","workflow",-0.579355908632278,0.551141926991551,0,"ALE","XGB"
"626","tpi3","workflow",-0.548872022032738,0.540714864604377,0,"ALE","XGB"
"627","tpi3","workflow",-0.518492078781128,0.537434196836953,0,"ALE","XGB"
"628","tpi3","workflow",-0.495968057513237,0.532261383766365,0,"ALE","XGB"
"629","tpi3","workflow",-0.466050647497177,0.533469612249898,0,"ALE","XGB"
"630","tpi3","workflow",-0.44516143321991,0.534255178295655,0,"ALE","XGB"
"631","tpi3","workflow",-0.421376056671143,0.533896467952471,0,"ALE","XGB"
"632","tpi3","workflow",-0.400365933775902,0.527210869592434,0,"ALE","XGB"
"633","tpi3","workflow",-0.378428577780724,0.526818352602006,0,"ALE","XGB"
"634","tpi3","workflow",-0.357563171386719,0.52481213475737,0,"ALE","XGB"
"635","tpi3","workflow",-0.340661571025848,0.525714523534472,0,"ALE","XGB"
"636","tpi3","workflow",-0.321164695620537,0.524752187444371,0,"ALE","XGB"
"637","tpi3","workflow",-0.303568911552429,0.522821591610915,0,"ALE","XGB"
"638","tpi3","workflow",-0.286125280559063,0.524036096448749,0,"ALE","XGB"
"639","tpi3","workflow",-0.272247105836868,0.521039233200185,0,"ALE","XGB"
"640","tpi3","workflow",-0.256178194284439,0.52007139204138,0,"ALE","XGB"
"641","tpi3","workflow",-0.240134248435497,0.515239868198701,0,"ALE","XGB"
"642","tpi3","workflow",-0.226059637218714,0.509684615830948,0,"ALE","XGB"
"643","tpi3","workflow",-0.212328653931618,0.501898001073832,0,"ALE","XGB"
"644","tpi3","workflow",-0.197937627136707,0.501611665966136,0,"ALE","XGB"
"645","tpi3","workflow",-0.183988718986511,0.50257463819291,0,"ALE","XGB"
"646","tpi3","workflow",-0.170189944803715,0.501207735683623,0,"ALE","XGB"
"647","tpi3","workflow",-0.154770508408546,0.50227638450245,0,"ALE","XGB"
"648","tpi3","workflow",-0.140644769370556,0.501108178025385,0,"ALE","XGB"
"649","tpi3","workflow",-0.128549361228943,0.499267243913995,0,"ALE","XGB"
"650","tpi3","workflow",-0.118382829725742,0.494177952691485,0,"ALE","XGB"
"651","tpi3","workflow",-0.103852637708187,0.481702041724985,0,"ALE","XGB"
"652","tpi3","workflow",-0.0934924453496932,0.479663037756861,0,"ALE","XGB"
"653","tpi3","workflow",-0.0793451705574989,0.477878125126561,0,"ALE","XGB"
"654","tpi3","workflow",-0.0660607767105102,0.477206896826335,0,"ALE","XGB"
"655","tpi3","workflow",-0.057577625066042,0.475330435535823,0,"ALE","XGB"
"656","tpi3","workflow",-0.0478557540476322,0.473042252158197,0,"ALE","XGB"
"657","tpi3","workflow",-0.0380129460245371,0.472483247325748,0,"ALE","XGB"
"658","tpi3","workflow",-0.0293643198534846,0.471235225165509,0,"ALE","XGB"
"659","tpi3","workflow",-0.0179904133081436,0.451121221085306,0,"ALE","XGB"
"660","tpi3","workflow",-0.00795739416033027,0.449999978607296,0,"ALE","XGB"
"661","tpi3","workflow",0.000345648665679624,0.443400619543189,0,"ALE","XGB"
"662","tpi3","workflow",0.00904510454274722,0.442013255357609,0,"ALE","XGB"
"663","tpi3","workflow",0.0205377190560102,0.442334644668313,0,"ALE","XGB"
"664","tpi3","workflow",0.029656990505755,0.441150517326216,0,"ALE","XGB"
"665","tpi3","workflow",0.0399249948561191,0.444891475268432,0,"ALE","XGB"
"666","tpi3","workflow",0.0508499876037239,0.445281589815483,0,"ALE","XGB"
"667","tpi3","workflow",0.0621573887765407,0.444443260679503,0,"ALE","XGB"
"668","tpi3","workflow",0.0759671172499656,0.44848638354755,0,"ALE","XGB"
"669","tpi3","workflow",0.0896276132762432,0.449633229955839,0,"ALE","XGB"
"670","tpi3","workflow",0.102314544245601,0.448857296132764,0,"ALE","XGB"
"671","tpi3","workflow",0.115826618671417,0.446055749475196,0,"ALE","XGB"
"672","tpi3","workflow",0.130023793876171,0.446308519713386,0,"ALE","XGB"
"673","tpi3","workflow",0.14285017490387,0.443978755779935,0,"ALE","XGB"
"674","tpi3","workflow",0.156422212123871,0.443978755779935,0,"ALE","XGB"
"675","tpi3","workflow",0.172041440606117,0.44748167124792,0,"ALE","XGB"
"676","tpi3","workflow",0.190929220318794,0.447526916806254,0,"ALE","XGB"
"677","tpi3","workflow",0.20652893036604,0.448937506131353,0,"ALE","XGB"
"678","tpi3","workflow",0.224599142968655,0.44869526858041,0,"ALE","XGB"
"679","tpi3","workflow",0.24218437731266,0.451681053641433,0,"ALE","XGB"
"680","tpi3","workflow",0.261797548830509,0.451681053641433,0,"ALE","XGB"
"681","tpi3","workflow",0.281429064869881,0.453732739776911,0,"ALE","XGB"
"682","tpi3","workflow",0.307847611606121,0.453445417250058,0,"ALE","XGB"
"683","tpi3","workflow",0.331622301340103,0.444190070199735,0,"ALE","XGB"
"684","tpi3","workflow",0.355637954175472,0.441233726676477,0,"ALE","XGB"
"685","tpi3","workflow",0.382687410116196,0.441512434897639,0,"ALE","XGB"
"686","tpi3","workflow",0.408695109188557,0.442184468797156,0,"ALE","XGB"
"687","tpi3","workflow",0.439124566316605,0.443973167086745,0,"ALE","XGB"
"688","tpi3","workflow",0.466668293476105,0.443929685108618,0,"ALE","XGB"
"689","tpi3","workflow",0.500115382671356,0.436564378273689,0,"ALE","XGB"
"690","tpi3","workflow",0.529549231529236,0.43037288562032,0,"ALE","XGB"
"691","tpi3","workflow",0.562821402549744,0.42786125405944,0,"ALE","XGB"
"692","tpi3","workflow",0.606471794843673,0.427511893198486,0,"ALE","XGB"
"693","tpi3","workflow",0.648099154233932,0.430101646208632,0,"ALE","XGB"
"694","tpi3","workflow",0.689134041070938,0.428982774403179,0,"ALE","XGB"
"695","tpi3","workflow",0.734892690181732,0.425180772922966,0,"ALE","XGB"
"696","tpi3","workflow",0.787492470145226,0.412235721371277,0,"ALE","XGB"
"697","tpi3","workflow",0.845589900016785,0.411992043272548,0,"ALE","XGB"
"698","tpi3","workflow",0.896145074367523,0.412404165354962,0,"ALE","XGB"
"699","tpi3","workflow",0.956570346355438,0.412404165354962,0,"ALE","XGB"
"700","tpi3","workflow",1.0394701564312,0.413445782462525,0,"ALE","XGB"
"701","tpi3","workflow",1.1379463171959,0.408993177071407,0,"ALE","XGB"
"702","tpi3","workflow",1.23786932229996,0.406271029374856,0,"ALE","XGB"
"703","tpi3","workflow",1.35797713756561,0.406271029374856,0,"ALE","XGB"
"704","tpi3","workflow",1.55175829529762,0.406271029374856,0,"ALE","XGB"
"705","tpi3","workflow",1.75434810161591,0.406271029374856,0,"ALE","XGB"
"706","tpi3","workflow",2.10496327161789,0.406271029374856,0,"ALE","XGB"
"707","tpi3","workflow",4.92217254638672,0.406271029374856,0,"ALE","XGB"
