"","_vname_","_label_","_x_","_yhat_","_ids_","method","Model"
"1","tpi3","workflow",-5.43369436264038,0.627934011526406,0,"PDP","XGB"
"2","tpi3","workflow",-1.91658446073532,0.627934011526406,0,"PDP","XGB"
"3","tpi3","workflow",-1.61589391231537,0.63510653282702,0,"PDP","XGB"
"4","tpi3","workflow",-1.44672192454338,0.636465106755495,0,"PDP","XGB"
"5","tpi3","workflow",-1.29872978687286,0.631477579757571,0,"PDP","XGB"
"6","om","workflow",-1.24998950958252,0.446511951476335,0,"PDP","XGB"
"7","tpi3","workflow",-1.18044658899307,0.604461746677756,0,"PDP","XGB"
"8","tpi3","workflow",-1.08600077152252,0.598948208652437,0,"PDP","XGB"
"9","tpi3","workflow",-1.00956451416016,0.595954363264143,0,"PDP","XGB"
"10","tpi3","workflow",-0.94468939781189,0.593776162065566,0,"PDP","XGB"
"11","tpi3","workflow",-0.890528898239136,0.589491195373237,0,"PDP","XGB"
"12","tpi3","workflow",-0.834142971038818,0.584081240877509,0,"PDP","XGB"
"13","tpi3","workflow",-0.781908268928528,0.58213876439631,0,"PDP","XGB"
"14","tpi3","workflow",-0.742593579292297,0.580470381841063,0,"PDP","XGB"
"15","tpi3","workflow",-0.698036684393883,0.575527498275041,0,"PDP","XGB"
"16","tpi3","workflow",-0.658728866577148,0.571229914881289,0,"PDP","XGB"
"17","tpi3","workflow",-0.62536304295063,0.56982238252461,0,"PDP","XGB"
"18","tpi3","workflow",-0.593869454860687,0.568175035484135,0,"PDP","XGB"
"19","tpi3","workflow",-0.565843284726143,0.567076849266887,0,"PDP","XGB"
"20","tpi3","workflow",-0.539521930217743,0.566219051487744,0,"PDP","XGB"
"21","tpi3","workflow",-0.512784522771835,0.565137166708708,0,"PDP","XGB"
"22","tpi3","workflow",-0.48725693821907,0.559182542666793,0,"PDP","XGB"
"23","tpi3","workflow",-0.464983150959015,0.55915741635859,0,"PDP","XGB"
"24","tpi3","workflow",-0.443606460094452,0.559543947741389,0,"PDP","XGB"
"25","tpi3","workflow",-0.419760066270828,0.558993496485054,0,"PDP","XGB"
"26","tpi3","workflow",-0.396233017444611,0.556852059073746,0,"PDP","XGB"
"27","tpi3","workflow",-0.375978618860245,0.552849064528942,0,"PDP","XGB"
"28","tpi3","workflow",-0.359759996533394,0.549483325555921,0,"PDP","XGB"
"29","tpi3","workflow",-0.342401838302612,0.547957511454821,0,"PDP","XGB"
"30","tpi3","workflow",-0.322645610570908,0.545905221708119,0,"PDP","XGB"
"31","tpi3","workflow",-0.303194184005261,0.53881182538718,0,"PDP","XGB"
"32","tpi3","workflow",-0.281960880756378,0.537929799079895,0,"PDP","XGB"
"33","tpi3","workflow",-0.265255124866962,0.53569693082571,0,"PDP","XGB"
"34","tpi3","workflow",-0.251814068555832,0.534179536223412,0,"PDP","XGB"
"35","tpi3","workflow",-0.238374421745539,0.532797127656639,0,"PDP","XGB"
"36","tpi3","workflow",-0.224403917491436,0.528990962430835,0,"PDP","XGB"
"37","tpi3","workflow",-0.212034795433283,0.527403432935476,0,"PDP","XGB"
"38","tpi3","workflow",-0.197828943133354,0.523732776537537,0,"PDP","XGB"
"39","tpi3","workflow",-0.183555838167667,0.523303261734545,0,"PDP","XGB"
"40","tpi3","workflow",-0.17079906642437,0.522409519128501,0,"PDP","XGB"
"41","tpi3","workflow",-0.159341277629137,0.521230585724115,0,"PDP","XGB"
"42","tpi3","workflow",-0.146815350651741,0.517512448348105,0,"PDP","XGB"
"43","tpi3","workflow",-0.133593350797892,0.514607824184,0,"PDP","XGB"
"44","tpi3","workflow",-0.121610312461853,0.510128829687834,0,"PDP","XGB"
"45","om","workflow",-0.114178167656064,0.446511951476335,0,"PDP","XGB"
"46","tpi3","workflow",-0.11003217048943,0.508126093365252,0,"PDP","XGB"
"47","tpi3","workflow",-0.0977603790163993,0.50747622384131,0,"PDP","XGB"
"48","tpi3","workflow",-0.0862362492829561,0.506909105740488,0,"PDP","XGB"
"49","tpi3","workflow",-0.0778866848349571,0.506542861834168,0,"PDP","XGB"
"50","tpi3","workflow",-0.0686601933091879,0.505497424535453,0,"PDP","XGB"
"51","tpi3","workflow",-0.059715550839901,0.504191883072257,0,"PDP","XGB"
"52","om","workflow",-0.0570071706175804,0.446511951476335,0,"PDP","XGB"
"53","tpi3","workflow",-0.0492229867726564,0.499220343664289,0,"PDP","XGB"
"54","tpi3","workflow",-0.0388218760490417,0.493422978691757,0,"PDP","XGB"
"55","tpi3","workflow",-0.0285610719770193,0.492528820373118,0,"PDP","XGB"
"56","om","workflow",-0.0212380439415574,0.446002456501126,0,"PDP","XGB"
"57","tpi3","workflow",-0.0203429939597845,0.491496420502663,0,"PDP","XGB"
"58","tpi3","workflow",-0.0119939179904759,0.490738153629005,0,"PDP","XGB"
"59","tpi3","workflow",-0.00375333354342729,0.490455806538463,0,"PDP","XGB"
"60","om","workflow",-0.000969362831674514,0.445897231936455,0,"PDP","XGB"
"61","tpi3","workflow",0.00388702827040109,0.489645715028047,0,"PDP","XGB"
"62","ADI","workflow",0.00969039089977741,0.401472765773535,0,"PDP","XGB"
"63","tpi3","workflow",0.0135838206484914,0.486930501811206,0,"PDP","XGB"
"64","ADI","workflow",0.0183771007880568,0.401472765773535,0,"PDP","XGB"
"65","ADI","workflow",0.0205370556935668,0.402132757335901,0,"PDP","XGB"
"66","ADI","workflow",0.022386764921248,0.442971484690905,0,"PDP","XGB"
"67","tpi3","workflow",0.0238374663889409,0.486437468454242,0,"PDP","XGB"
"68","ADI","workflow",0.0239912699908018,0.492717651158571,0,"PDP","XGB"
"69","ADI","workflow",0.02539864750579,0.515348125293851,0,"PDP","XGB"
"70","om","workflow",0.0258024795912206,0.447100735425949,0,"PDP","XGB"
"71","ADI","workflow",0.0262681576982141,0.525751280233264,0,"PDP","XGB"
"72","ADI","workflow",0.0272374148480594,0.537979564130306,0,"PDP","XGB"
"73","ADI","workflow",0.0283303616940975,0.544217043966055,0,"PDP","XGB"
"74","ADI","workflow",0.0292411207966506,0.555044629812241,0,"PDP","XGB"
"75","ADI","workflow",0.030353862605989,0.559246601372957,0,"PDP","XGB"
"76","ADI","workflow",0.0314153183251619,0.567902516543865,0,"PDP","XGB"
"77","ADI","workflow",0.0322051365673542,0.575143360041082,0,"PDP","XGB"
"78","ADI","workflow",0.0329477099701762,0.578331114977598,0,"PDP","XGB"
"79","ADI","workflow",0.0338977329432964,0.579936201192438,0,"PDP","XGB"
"80","tpi3","workflow",0.0341791290044784,0.484877513810992,0,"PDP","XGB"
"81","ADI","workflow",0.0347594160586596,0.582294465355575,0,"PDP","XGB"
"82","ADI","workflow",0.0356106719374657,0.585753571525216,0,"PDP","XGB"
"83","ADI","workflow",0.0363714057952166,0.589160593688488,0,"PDP","XGB"
"84","ADI","workflow",0.0371970846503973,0.589786738626659,0,"PDP","XGB"
"85","ADI","workflow",0.0379790010303259,0.591187796451151,0,"PDP","XGB"
"86","ADI","workflow",0.0386902086436749,0.592661106407642,0,"PDP","XGB"
"87","ADI","workflow",0.0393472410365939,0.593265945114195,0,"PDP","XGB"
"88","ADI","workflow",0.04007896438241,0.595793013878167,0,"PDP","XGB"
"89","ADI","workflow",0.0408856480941176,0.596327186837792,0,"PDP","XGB"
"90","ADI","workflow",0.0415062360465527,0.599085219420493,0,"PDP","XGB"
"91","ADI","workflow",0.0422016698867083,0.599724918395281,0,"PDP","XGB"
"92","ADI","workflow",0.0429659657180309,0.600609841056168,0,"PDP","XGB"
"93","tpi3","workflow",0.0435154999047518,0.485008504651487,0,"PDP","XGB"
"94","ADI","workflow",0.0436067756637931,0.601237500801682,0,"PDP","XGB"
"95","ADI","workflow",0.0443707580864429,0.601475908733904,0,"PDP","XGB"
"96","ADI","workflow",0.0449994681403041,0.601495138183236,0,"PDP","XGB"
"97","ADI","workflow",0.0456202123314142,0.601122557468712,0,"PDP","XGB"
"98","ADI","workflow",0.046318980269134,0.600940477535129,0,"PDP","XGB"
"99","ADI","workflow",0.0469816148281097,0.600335393100977,0,"PDP","XGB"
"100","ADI","workflow",0.047732318751514,0.599267857275903,0,"PDP","XGB"
"101","ADI","workflow",0.0484194055944681,0.599170771099627,0,"PDP","XGB"
"102","ADI","workflow",0.0491799302399158,0.598823947533965,0,"PDP","XGB"
"103","ADI","workflow",0.0500297150015831,0.594561421737075,0,"PDP","XGB"
"104","ADI","workflow",0.05074119836092,0.593129238158465,0,"PDP","XGB"
"105","ADI","workflow",0.0514011982083321,0.592740348689258,0,"PDP","XGB"
"106","om","workflow",0.0517624247819185,0.448866133332252,0,"PDP","XGB"
"107","ADI","workflow",0.0521930233761668,0.592259081788361,0,"PDP","XGB"
"108","ADI","workflow",0.0528251349925995,0.591100141569972,0,"PDP","XGB"
"109","tpi3","workflow",0.0529094398021697,0.484966480635107,0,"PDP","XGB"
"110","ADI","workflow",0.0535098619759083,0.588420155189931,0,"PDP","XGB"
"111","ADI","workflow",0.054130263403058,0.585193285174668,0,"PDP","XGB"
"112","ADI","workflow",0.0547615427151322,0.584787214688957,0,"PDP","XGB"
"113","ADI","workflow",0.0553405018150806,0.583766798526049,0,"PDP","XGB"
"114","ADI","workflow",0.0560396043583751,0.582881928019226,0,"PDP","XGB"
"115","ADI","workflow",0.0567577923834324,0.58007994940877,0,"PDP","XGB"
"116","ADI","workflow",0.05757956802845,0.58055411337316,0,"PDP","XGB"
"117","ADI","workflow",0.0583162644505501,0.580956893838942,0,"PDP","XGB"
"118","ADI","workflow",0.0589698174595833,0.58172702357918,0,"PDP","XGB"
"119","ADI","workflow",0.0596048198640347,0.582630492635071,0,"PDP","XGB"
"120","ADI","workflow",0.0602253698185086,0.581969139881432,0,"PDP","XGB"
"121","ADI","workflow",0.060954627096653,0.582006822325289,0,"PDP","XGB"
"122","ADI","workflow",0.0616347666457295,0.576069742068648,0,"PDP","XGB"
"123","ADI","workflow",0.0621507753431797,0.572357961930335,0,"PDP","XGB"
"124","ADI","workflow",0.0628547411412001,0.568028522394598,0,"PDP","XGB"
"125","ADI","workflow",0.063528693318367,0.56683044487983,0,"PDP","XGB"
"126","ADI","workflow",0.0642569706588983,0.565702230684459,0,"PDP","XGB"
"127","ADI","workflow",0.0650855654478073,0.560213832341135,0,"PDP","XGB"
"128","tpi3","workflow",0.0654131757467985,0.484882357940078,0,"PDP","XGB"
"129","ADI","workflow",0.0658782079070807,0.552114784553647,0,"PDP","XGB"
"130","ADI","workflow",0.0666819587349892,0.548326894946396,0,"PDP","XGB"
"131","ADI","workflow",0.0674295794218779,0.547087361685932,0,"PDP","XGB"
"132","ADI","workflow",0.0681923447549343,0.545661099165678,0,"PDP","XGB"
"133","ADI","workflow",0.0689014473557472,0.54345798945427,0,"PDP","XGB"
"134","ADI","workflow",0.0697022804617882,0.541531115598977,0,"PDP","XGB"
"135","ADI","workflow",0.0705546077340841,0.539000630892813,0,"PDP","XGB"
"136","ADI","workflow",0.0713651461899281,0.536327446796,0,"PDP","XGB"
"137","ADI","workflow",0.0723033694922924,0.529450832404196,0,"PDP","XGB"
"138","ADI","workflow",0.0732017496228218,0.526346478588879,0,"PDP","XGB"
"139","ADI","workflow",0.0740051883459091,0.524269767127931,0,"PDP","XGB"
"140","ADI","workflow",0.0749609343707562,0.522821722649038,0,"PDP","XGB"
"141","om","workflow",0.0750000029802322,0.446611381545663,0,"PDP","XGB"
"142","ADI","workflow",0.075678938254714,0.522373102463782,0,"PDP","XGB"
"143","ADI","workflow",0.0767002490162849,0.522360118769109,0,"PDP","XGB"
"144","ADI","workflow",0.0777170298993587,0.521943671613932,0,"PDP","XGB"
"145","tpi3","workflow",0.0780635924637318,0.484987805686891,0,"PDP","XGB"
"146","ADI","workflow",0.0786600898206234,0.516198684506118,0,"PDP","XGB"
"147","ADI","workflow",0.0796907916665077,0.514972501002252,0,"PDP","XGB"
"148","ADI","workflow",0.0807214131951332,0.511793589301407,0,"PDP","XGB"
"149","ADI","workflow",0.0816954082995653,0.501115964002907,0,"PDP","XGB"
"150","ADI","workflow",0.0828165698051453,0.488410459905863,0,"PDP","XGB"
"151","ADI","workflow",0.0838607636094093,0.481778115570545,0,"PDP","XGB"
"152","ADI","workflow",0.0850482374429703,0.480646125808358,0,"PDP","XGB"
"153","ADI","workflow",0.0863449271023273,0.445315739423037,0,"PDP","XGB"
"154","ADI","workflow",0.0874088442325592,0.44284483577311,0,"PDP","XGB"
"155","ADI","workflow",0.0887411597371102,0.426626734912395,0,"PDP","XGB"
"156","om","workflow",0.0892535483837128,0.450450475335121,0,"PDP","XGB"
"157","tpi3","workflow",0.0897586502879858,0.484611869476736,0,"PDP","XGB"
"158","ADI","workflow",0.0900161826610565,0.419116046905518,0,"PDP","XGB"
"159","ADI","workflow",0.0911535490304232,0.405870899394155,0,"PDP","XGB"
"160","ADI","workflow",0.0926308637857437,0.397101124078035,0,"PDP","XGB"
"161","ADI","workflow",0.0940035497397184,0.393301062762737,0,"PDP","XGB"
"162","ADI","workflow",0.0957906427979469,0.38699960513413,0,"PDP","XGB"
"163","ADI","workflow",0.0975028724968433,0.377196945339441,0,"PDP","XGB"
"164","ADI","workflow",0.0995522871613503,0.352659099042416,0,"PDP","XGB"
"165","ADI","workflow",0.101843785271049,0.344088485062122,0,"PDP","XGB"
"166","ADI","workflow",0.103779453635216,0.333721440017223,0,"PDP","XGB"
"167","tpi3","workflow",0.105759460628033,0.48515236029774,0,"PDP","XGB"
"168","ADI","workflow",0.105784412249923,0.3255823122859,0,"PDP","XGB"
"169","ADI","workflow",0.108223508298397,0.32336891412735,0,"PDP","XGB"
"170","om","workflow",0.109824919998646,0.451360239624977,0,"PDP","XGB"
"171","ADI","workflow",0.111334616690874,0.323371691703796,0,"PDP","XGB"
"172","ADI","workflow",0.114925660192966,0.323827035039663,0,"PDP","XGB"
"173","ADI","workflow",0.119033448398113,0.325211480289698,0,"PDP","XGB"
"174","tpi3","workflow",0.120074500143528,0.48556053070724,0,"PDP","XGB"
"175","ADI","workflow",0.125083916187286,0.326256621271372,0,"PDP","XGB"
"176","om","workflow",0.129066029191017,0.45897726520896,0,"PDP","XGB"
"177","tpi3","workflow",0.133438796401024,0.485924837730825,0,"PDP","XGB"
"178","ADI","workflow",0.134717088490725,0.327214381605387,0,"PDP","XGB"
"179","om","workflow",0.145678804665804,0.461449946984649,0,"PDP","XGB"
"180","tpi3","workflow",0.149208298176527,0.48535228741169,0,"PDP","XGB"
"181","om","workflow",0.162350938916206,0.466578972622752,0,"PDP","XGB"
"182","tpi3","workflow",0.165298010706902,0.484715880006552,0,"PDP","XGB"
"183","om","workflow",0.177318747639656,0.472436374247074,0,"PDP","XGB"
"184","tpi3","workflow",0.180243723541498,0.484202677614987,0,"PDP","XGB"
"185","om","workflow",0.190301909446716,0.474376450657845,0,"PDP","XGB"
"186","ADI","workflow",0.194418743252754,0.327255488663912,0,"PDP","XGB"
"187","tpi3","workflow",0.196582618355751,0.483606854468584,0,"PDP","XGB"
"188","om","workflow",0.202591834962368,0.476321467265487,0,"PDP","XGB"
"189","om","workflow",0.211931396126747,0.476336784482002,0,"PDP","XGB"
"190","tpi3","workflow",0.212279142290354,0.483323211729526,0,"PDP","XGB"
"191","om","workflow",0.219597144275904,0.47960217525065,0,"PDP","XGB"
"192","tpi3","workflow",0.228578853607178,0.482257749035954,0,"PDP","XGB"
"193","om","workflow",0.229445030987263,0.481300533249974,0,"PDP","XGB"
"194","om","workflow",0.237583472430706,0.482329772502184,0,"PDP","XGB"
"195","tpi3","workflow",0.246287080347538,0.480421784691513,0,"PDP","XGB"
"196","om","workflow",0.24677346944809,0.490112899810076,0,"PDP","XGB"
"197","om","workflow",0.255621319413185,0.491260651379824,0,"PDP","XGB"
"198","om","workflow",0.263657992482185,0.492711887195706,0,"PDP","XGB"
"199","tpi3","workflow",0.26648091673851,0.479583100706339,0,"PDP","XGB"
"200","om","workflow",0.272203206121922,0.495572859540582,0,"PDP","XGB"
"201","om","workflow",0.280052769184113,0.498931396052241,0,"PDP","XGB"
"202","tpi3","workflow",0.285813085734844,0.477893743745983,0,"PDP","XGB"
"203","hli","workflow",0.286246061325073,0.540239631436765,0,"PDP","XGB"
"204","om","workflow",0.287396408617496,0.49993920519948,0,"PDP","XGB"
"205","om","workflow",0.294622776508331,0.500444404169917,0,"PDP","XGB"
"206","om","workflow",0.304246765375137,0.501055196806788,0,"PDP","XGB"
"207","tpi3","workflow",0.310533282756805,0.475623367510736,0,"PDP","XGB"
"208","om","workflow",0.312414828538895,0.501268085077405,0,"PDP","XGB"
"209","om","workflow",0.31920301347971,0.500382329121232,0,"PDP","XGB"
"210","om","workflow",0.325462564826012,0.499082535073161,0,"PDP","XGB"
"211","PRATIO","workflow",0.326286375522614,0.567567059032619,0,"PDP","XGB"
"212","tpi3","workflow",0.32911674797535,0.475878877863288,0,"PDP","XGB"
"213","om","workflow",0.332717105150223,0.498640226200223,0,"PDP","XGB"
"214","om","workflow",0.338892821073532,0.498034810870886,0,"PDP","XGB"
"215","om","workflow",0.346379636526108,0.497646022453904,0,"PDP","XGB"
"216","tpi3","workflow",0.351793715357781,0.47511572560668,0,"PDP","XGB"
"217","om","workflow",0.353481348156929,0.496860161334276,0,"PDP","XGB"
"218","om","workflow",0.36094541400671,0.497366740345955,0,"PDP","XGB"
"219","PRATIO","workflow",0.364584320783615,0.567567059032619,0,"PDP","XGB"
"220","om","workflow",0.36761633515358,0.497489882528782,0,"PDP","XGB"
"221","om","workflow",0.37526563256979,0.497939611174166,0,"PDP","XGB"
"222","tpi3","workflow",0.376526732444763,0.475464851744473,0,"PDP","XGB"
"223","PRATIO","workflow",0.379066008329392,0.568360705807805,0,"PDP","XGB"
"224","om","workflow",0.382771461009979,0.497388498336077,0,"PDP","XGB"
"225","PRATIO","workflow",0.386461151540279,0.568483637392521,0,"PDP","XGB"
"226","om","workflow",0.389509371817112,0.498194141194224,0,"PDP","XGB"
"227","PRATIO","workflow",0.39117405295372,0.574163397617638,0,"PDP","XGB"
"228","thetas","workflow",0.393067896366119,0.511392359092832,0,"PDP","XGB"
"229","om","workflow",0.395623052120209,0.497758205771446,0,"PDP","XGB"
"230","PRATIO","workflow",0.396626648306847,0.57486232163012,0,"PDP","XGB"
"231","PRATIO","workflow",0.400903986096382,0.575309903860092,0,"PDP","XGB"
"232","om","workflow",0.40186852812767,0.497409987144172,0,"PDP","XGB"
"233","tpi3","workflow",0.401947551965714,0.474806392461061,0,"PDP","XGB"
"234","PRATIO","workflow",0.405181890428066,0.574457584358752,0,"PDP","XGB"
"235","om","workflow",0.408136213421822,0.497553812220693,0,"PDP","XGB"
"236","PRATIO","workflow",0.408414475917816,0.574204430498183,0,"PDP","XGB"
"237","PRATIO","workflow",0.4118797275424,0.574407378293574,0,"PDP","XGB"
"238","PRATIO","workflow",0.414799764752388,0.57463717520982,0,"PDP","XGB"
"239","om","workflow",0.414912610948086,0.498216041050851,0,"PDP","XGB"
"240","PRATIO","workflow",0.417475706636906,0.574726424820721,0,"PDP","XGB"
"241","PRATIO","workflow",0.419894951581955,0.57471273662895,0,"PDP","XGB"
"242","om","workflow",0.420740163326263,0.498781596235931,0,"PDP","XGB"
"243","PRATIO","workflow",0.422331132590771,0.574687124207616,0,"PDP","XGB"
"244","PRATIO","workflow",0.424690200090408,0.574831097275019,0,"PDP","XGB"
"245","om","workflow",0.424935677647591,0.499191482022405,0,"PDP","XGB"
"246","PRATIO","workflow",0.426825104653835,0.57493500739336,0,"PDP","XGB"
"247","PRATIO","workflow",0.429351341724396,0.574520931050181,0,"PDP","XGB"
"248","tpi3","workflow",0.430043810904027,0.474382033966482,0,"PDP","XGB"
"249","om","workflow",0.430156244635582,0.499638606838882,0,"PDP","XGB"
"250","PRATIO","workflow",0.43144028365612,0.574733605988324,0,"PDP","XGB"
"251","PRATIO","workflow",0.433528403639793,0.574565815456212,0,"PDP","XGB"
"252","om","workflow",0.435042375326157,0.50190499958396,0,"PDP","XGB"
"253","PRATIO","workflow",0.435782164335251,0.574631537802518,0,"PDP","XGB"
"254","PRATIO","workflow",0.438140618801117,0.574712347626686,0,"PDP","XGB"
"255","PRATIO","workflow",0.440366813540459,0.574788234338164,0,"PDP","XGB"
"256","om","workflow",0.440369516611099,0.502639435656369,0,"PDP","XGB"
"257","PRATIO","workflow",0.442600865364075,0.574189954735339,0,"PDP","XGB"
"258","PRATIO","workflow",0.444881338477135,0.57382651719451,0,"PDP","XGB"
"259","om","workflow",0.446491064429283,0.503586301788688,0,"PDP","XGB"
"260","PRATIO","workflow",0.44722193479538,0.574021385587752,0,"PDP","XGB"
"261","PRATIO","workflow",0.449727177619934,0.571773192457855,0,"PDP","XGB"
"262","PRATIO","workflow",0.451901742219925,0.570805770501494,0,"PDP","XGB"
"263","om","workflow",0.452304631471634,0.50747540897876,0,"PDP","XGB"
"264","PRATIO","workflow",0.453899801671505,0.570910017326474,0,"PDP","XGB"
"265","PRATIO","workflow",0.455896977186203,0.570914436228573,0,"PDP","XGB"
"266","om","workflow",0.457058817148209,0.509173417441547,0,"PDP","XGB"
"267","PRATIO","workflow",0.457730460166931,0.57006753308326,0,"PDP","XGB"
"268","PRATIO","workflow",0.45968371629715,0.569802842184901,0,"PDP","XGB"
"269","tpi3","workflow",0.459688159823418,0.474857382133603,0,"PDP","XGB"
"270","hli","workflow",0.459815021157265,0.540239631436765,0,"PDP","XGB"
"271","PRATIO","workflow",0.461371358633041,0.569917858786881,0,"PDP","XGB"
"272","om","workflow",0.463107476234436,0.509572207435965,0,"PDP","XGB"
"273","PRATIO","workflow",0.463238981962204,0.56996079543978,0,"PDP","XGB"
"274","thetas","workflow",0.464395098686218,0.511392359092832,0,"PDP","XGB"
"275","PRATIO","workflow",0.464983029067516,0.570050592727959,0,"PDP","XGB"
"276","PRATIO","workflow",0.467008885145187,0.569828256748617,0,"PDP","XGB"
"277","PRATIO","workflow",0.468859553337097,0.570040431044996,0,"PDP","XGB"
"278","om","workflow",0.46900766402483,0.509627591438591,0,"PDP","XGB"
"279","PRATIO","workflow",0.470851274728775,0.57057310064137,0,"PDP","XGB"
"280","thetas","workflow",0.471372151970863,0.511392359092832,0,"PDP","XGB"
"281","PRATIO","workflow",0.472499673366547,0.570711516588926,0,"PDP","XGB"
"282","om","workflow",0.473780418038368,0.509257154405117,0,"PDP","XGB"
"283","PRATIO","workflow",0.474290093779564,0.570657933160663,0,"PDP","XGB"
"284","thetas","workflow",0.476400042772293,0.512047150678933,0,"PDP","XGB"
"285","PRATIO","workflow",0.476403371095657,0.570459788620472,0,"PDP","XGB"
"286","thetas","workflow",0.478640878200531,0.512061911650002,0,"PDP","XGB"
"287","PRATIO","workflow",0.478850269317627,0.570764172874391,0,"PDP","XGB"
"288","om","workflow",0.48029400408268,0.511848647706211,0,"PDP","XGB"
"289","thetas","workflow",0.480819065868855,0.512540592812002,0,"PDP","XGB"
"290","PRATIO","workflow",0.481049016714096,0.571168947994709,0,"PDP","XGB"
"291","thetas","workflow",0.482928047180176,0.514413661986589,0,"PDP","XGB"
"292","PRATIO","workflow",0.483619848489761,0.571706151857972,0,"PDP","XGB"
"293","thetas","workflow",0.484543404877186,0.514623290687799,0,"PDP","XGB"
"294","om","workflow",0.485487736463547,0.518164920471609,0,"PDP","XGB"
"295","tpi3","workflow",0.485947405993938,0.474866879917681,0,"PDP","XGB"
"296","PRATIO","workflow",0.486011855602264,0.571219545960426,0,"PDP","XGB"
"297","thetas","workflow",0.486342928409576,0.514805640727282,0,"PDP","XGB"
"298","thetas","workflow",0.488017465472221,0.514720047295093,0,"PDP","XGB"
"299","PRATIO","workflow",0.4883573615551,0.571432727456093,0,"PDP","XGB"
"300","thetas","workflow",0.489362925291061,0.514923770859837,0,"PDP","XGB"
"301","PRATIO","workflow",0.490164461731911,0.571475198619068,0,"PDP","XGB"
"302","thetas","workflow",0.49073415607214,0.515313757710159,0,"PDP","XGB"
"303","om","workflow",0.491882525980473,0.523144549839199,0,"PDP","XGB"
"304","PRATIO","workflow",0.491885660886764,0.573511278808117,0,"PDP","XGB"
"305","thetas","workflow",0.491936881542206,0.516099266767502,0,"PDP","XGB"
"306","thetas","workflow",0.49310144931078,0.516015330918133,0,"PDP","XGB"
"307","thetas","workflow",0.494068042039871,0.514806488521397,0,"PDP","XGB"
"308","PRATIO","workflow",0.494231640696526,0.572431844800711,0,"PDP","XGB"
"309","thetas","workflow",0.494982446730137,0.514433811940253,0,"PDP","XGB"
"310","thetas","workflow",0.496075937747955,0.514453680343926,0,"PDP","XGB"
"311","PRATIO","workflow",0.496484880447388,0.570033881828189,0,"PDP","XGB"
"312","om","workflow",0.497146093845367,0.52652719822526,0,"PDP","XGB"
"313","thetas","workflow",0.49718473315239,0.514010239511728,0,"PDP","XGB"
"314","thetas","workflow",0.49828323662281,0.510323591567576,0,"PDP","XGB"
"315","PRATIO","workflow",0.498554812073708,0.567840151645243,0,"PDP","XGB"
"316","thetas","workflow",0.499100624322891,0.509574730761349,0,"PDP","XGB"
"317","thetas","workflow",0.500065124034882,0.506858634263277,0,"PDP","XGB"
"318","PRATIO","workflow",0.500773727893829,0.565033876009285,0,"PDP","XGB"
"319","thetas","workflow",0.501084948778152,0.506206433400512,0,"PDP","XGB"
"320","om","workflow",0.501827384829521,0.529510451950133,0,"PDP","XGB"
"321","thetas","workflow",0.502043564319611,0.504195494517684,0,"PDP","XGB"
"322","thetas","workflow",0.502558093070984,0.504504288837314,0,"PDP","XGB"
"323","PRATIO","workflow",0.503376363515854,0.553654071867466,0,"PDP","XGB"
"324","thetas","workflow",0.503461520671844,0.504604006975889,0,"PDP","XGB"
"325","thetas","workflow",0.504280775785446,0.504743402779102,0,"PDP","XGB"
"326","hli","workflow",0.50479213476181,0.540239631436765,0,"PDP","XGB"
"327","thetas","workflow",0.505336213111877,0.504313999705017,0,"PDP","XGB"
"328","PRATIO","workflow",0.505796668529511,0.552193007677794,0,"PDP","XGB"
"329","thetas","workflow",0.506383110880852,0.504884708918631,0,"PDP","XGB"
"330","om","workflow",0.507436406612396,0.529869068309665,0,"PDP","XGB"
"331","thetas","workflow",0.507465991973877,0.504721916586161,0,"PDP","XGB"
"332","thetas","workflow",0.508228104114532,0.505654271543026,0,"PDP","XGB"
"333","PRATIO","workflow",0.508471014499664,0.54955665307492,0,"PDP","XGB"
"334","thetas","workflow",0.509005862474442,0.50596182064712,0,"PDP","XGB"
"335","thetas","workflow",0.509831294417381,0.505742031112313,0,"PDP","XGB"
"336","thetas","workflow",0.510530543327331,0.505573681987822,0,"PDP","XGB"
"337","PRATIO","workflow",0.510662142038345,0.541133745938539,0,"PDP","XGB"
"338","thetas","workflow",0.511265920996666,0.506057825617492,0,"PDP","XGB"
"339","thetas","workflow",0.511856182813644,0.50612674856931,0,"PDP","XGB"
"340","thetas","workflow",0.512525472044945,0.507098596401513,0,"PDP","XGB"
"341","thetas","workflow",0.513162786960602,0.507337856799364,0,"PDP","XGB"
"342","om","workflow",0.513482629656792,0.529421884126961,0,"PDP","XGB"
"343","PRATIO","workflow",0.513506555557251,0.536893409565091,0,"PDP","XGB"
"344","thetas","workflow",0.513741085529327,0.510187462426722,0,"PDP","XGB"
"345","thetas","workflow",0.514452991485596,0.512431879803538,0,"PDP","XGB"
"346","thetas","workflow",0.515008125305176,0.51511491458863,0,"PDP","XGB"
"347","thetas","workflow",0.515574109554291,0.515898106403649,0,"PDP","XGB"
"348","thetas","workflow",0.516116309762001,0.515740645989776,0,"PDP","XGB"
"349","thetas","workflow",0.516695722341537,0.516888183407485,0,"PDP","XGB"
"350","PRATIO","workflow",0.51681262254715,0.537491397634149,0,"PDP","XGB"
"351","thetas","workflow",0.517218412160873,0.517331237718463,0,"PDP","XGB"
"352","thetas","workflow",0.517739503383637,0.517984118491411,0,"PDP","XGB"
"353","om","workflow",0.517932109832764,0.5294096852988,0,"PDP","XGB"
"354","thetas","workflow",0.518239104747772,0.517912060193717,0,"PDP","XGB"
"355","thetas","workflow",0.518652844429016,0.517932517856359,0,"PDP","XGB"
"356","thetas","workflow",0.519102519154549,0.518514182016254,0,"PDP","XGB"
"357","thetas","workflow",0.519461936950684,0.518601188905537,0,"PDP","XGB"
"358","PRATIO","workflow",0.519727799296379,0.537866593316197,0,"PDP","XGB"
"359","thetas","workflow",0.519873896241188,0.518487943895161,0,"PDP","XGB"
"360","thetas","workflow",0.520374178886414,0.518652188211679,0,"PDP","XGB"
"361","thetas","workflow",0.52085529923439,0.518606258094311,0,"PDP","XGB"
"362","thetas","workflow",0.521333487033844,0.518728802405298,0,"PDP","XGB"
"363","thetas","workflow",0.521759390830994,0.519172959446907,0,"PDP","XGB"
"364","thetas","workflow",0.522253239154816,0.519194020703435,0,"PDP","XGB"
"365","PRATIO","workflow",0.522446143627167,0.536553366854787,0,"PDP","XGB"
"366","tpi3","workflow",0.522578361034393,0.475250185236335,0,"PDP","XGB"
"367","thetas","workflow",0.522832840681076,0.519346479594707,0,"PDP","XGB"
"368","om","workflow",0.523027291297913,0.531934250436723,0,"PDP","XGB"
"369","thetas","workflow",0.523410675525665,0.519533784583211,0,"PDP","XGB"
"370","thetas","workflow",0.523951849341393,0.518516123324633,0,"PDP","XGB"
"371","thetas","workflow",0.524592671394348,0.518137553736567,0,"PDP","XGB"
"372","thetas","workflow",0.525244131088257,0.518249532267451,0,"PDP","XGB"
"373","PRATIO","workflow",0.525352382063866,0.519571232885122,0,"PDP","XGB"
"374","thetas","workflow",0.525889790058136,0.51857987627387,0,"PDP","XGB"
"375","thetas","workflow",0.526545784473419,0.519551861643791,0,"PDP","XGB"
"376","thetas","workflow",0.527150670289993,0.51972213114053,0,"PDP","XGB"
"377","thetas","workflow",0.527785362005234,0.519727577753365,0,"PDP","XGB"
"378","PRATIO","workflow",0.528081369400024,0.48170484508574,0,"PDP","XGB"
"379","thetas","workflow",0.528357064723968,0.520105590701103,0,"PDP","XGB"
"380","om","workflow",0.528611843585968,0.538793756127358,0,"PDP","XGB"
"381","thetas","workflow",0.529040822386742,0.520569604039192,0,"PDP","XGB"
"382","thetas","workflow",0.529638460874557,0.520498355172575,0,"PDP","XGB"
"383","hli","workflow",0.530049207210541,0.540007407002151,0,"PDP","XGB"
"384","thetas","workflow",0.530373032689095,0.520548097148538,0,"PDP","XGB"
"385","thetas","workflow",0.531085178852081,0.52228876234591,0,"PDP","XGB"
"386","thetas","workflow",0.531720567941666,0.522901903085411,0,"PDP","XGB"
"387","PRATIO","workflow",0.531785037517548,0.473473031431437,0,"PDP","XGB"
"388","thetas","workflow",0.532343465089798,0.522617338553071,0,"PDP","XGB"
"389","thetas","workflow",0.532994085550308,0.522802444532514,0,"PDP","XGB"
"390","om","workflow",0.53301847577095,0.54318653999269,0,"PDP","XGB"
"391","thetas","workflow",0.533873782157898,0.523410314902663,0,"PDP","XGB"
"392","thetas","workflow",0.534579967856407,0.524236987642944,0,"PDP","XGB"
"393","PRATIO","workflow",0.535114380121231,0.469828780114651,0,"PDP","XGB"
"394","thetas","workflow",0.535388894081116,0.524439568638802,0,"PDP","XGB"
"395","thetas","workflow",0.536291867494583,0.524704212777317,0,"PDP","XGB"
"396","thetas","workflow",0.537086789608002,0.525143704421818,0,"PDP","XGB"
"397","thetas","workflow",0.537879178524017,0.525085093282163,0,"PDP","XGB"
"398","thetas","workflow",0.538852044343948,0.525162952624261,0,"PDP","XGB"
"399","PRATIO","workflow",0.539176572561264,0.465889162182808,0,"PDP","XGB"
"400","om","workflow",0.53971044421196,0.545805436983705,0,"PDP","XGB"
"401","thetas","workflow",0.539818264842033,0.525561278797686,0,"PDP","XGB"
"402","thetas","workflow",0.540655100345612,0.525381357528269,0,"PDP","XGB"
"403","thetas","workflow",0.541510138511658,0.524954694353044,0,"PDP","XGB"
"404","PRATIO","workflow",0.542261874675751,0.464877454966307,0,"PDP","XGB"
"405","thetas","workflow",0.542548160552978,0.524507046841085,0,"PDP","XGB"
"406","thetas","workflow",0.543500842452049,0.524868966862559,0,"PDP","XGB"
"407","thetas","workflow",0.544679663181305,0.525070488937199,0,"PDP","XGB"
"408","om","workflow",0.545667926669121,0.546362333245575,0,"PDP","XGB"
"409","thetas","workflow",0.545821803808212,0.526221802406013,0,"PDP","XGB"
"410","PRATIO","workflow",0.545991426706314,0.46435719627142,0,"PDP","XGB"
"411","thetas","workflow",0.546929502487183,0.526943688988686,0,"PDP","XGB"
"412","thetas","workflow",0.548410366177559,0.527444286674261,0,"PDP","XGB"
"413","thetas","workflow",0.54969322681427,0.526814926192164,0,"PDP","XGB"
"414","PRATIO","workflow",0.550120624303818,0.464788106203079,0,"PDP","XGB"
"415","hli","workflow",0.550714917182922,0.54109187424928,0,"PDP","XGB"
"416","thetas","workflow",0.551109853982925,0.526631063960493,0,"PDP","XGB"
"417","om","workflow",0.551994943618774,0.546731607876718,0,"PDP","XGB"
"418","thetas","workflow",0.55294326543808,0.526199798479676,0,"PDP","XGB"
"419","tpi3","workflow",0.553713622689247,0.475315582036972,0,"PDP","XGB"
"420","thetas","workflow",0.554414529800415,0.525918924666941,0,"PDP","XGB"
"421","PRATIO","workflow",0.554484656453133,0.463054088801146,0,"PDP","XGB"
"422","thetas","workflow",0.55579892873764,0.52514930126816,0,"PDP","XGB"
"423","thetas","workflow",0.557683835029602,0.522383620046079,0,"PDP","XGB"
"424","om","workflow",0.558455852270126,0.548787552237511,0,"PDP","XGB"
"425","PRATIO","workflow",0.558905382156372,0.457663892358542,0,"PDP","XGB"
"426","thetas","workflow",0.560037161111832,0.520478790938854,0,"PDP","XGB"
"427","thetas","workflow",0.562900641560555,0.519623672746122,0,"PDP","XGB"
"428","PRATIO","workflow",0.563301059007645,0.449339206546545,0,"PDP","XGB"
"429","om","workflow",0.564769399166107,0.550402525290847,0,"PDP","XGB"
"430","thetas","workflow",0.565468802452087,0.518087494276464,0,"PDP","XGB"
"431","PRATIO","workflow",0.566821026802063,0.446817848771811,0,"PDP","XGB"
"432","thetas","workflow",0.568021140694618,0.51810839292407,0,"PDP","XGB"
"433","hli","workflow",0.568668654561043,0.54386638803035,0,"PDP","XGB"
"434","PRATIO","workflow",0.570438908338547,0.446108607590198,0,"PDP","XGB"
"435","thetas","workflow",0.572109525203705,0.515305822476745,0,"PDP","XGB"
"436","om","workflow",0.57266096830368,0.550508147031069,0,"PDP","XGB"
"437","PRATIO","workflow",0.573442494869232,0.445695062845945,0,"PDP","XGB"
"438","PRATIO","workflow",0.578235176801681,0.444072812855244,0,"PDP","XGB"
"439","thetas","workflow",0.579998794794083,0.515305822476745,0,"PDP","XGB"
"440","om","workflow",0.58001147031784,0.550120168402791,0,"PDP","XGB"
"441","hli","workflow",0.582670012712479,0.545041185230017,0,"PDP","XGB"
"442","PRATIO","workflow",0.582763390541077,0.44255991974473,0,"PDP","XGB"
"443","om","workflow",0.586956971287727,0.552753251343965,0,"PDP","XGB"
"444","PRATIO","workflow",0.588114857673645,0.433652043759823,0,"PDP","XGB"
"445","tpi3","workflow",0.589236054420471,0.475137100636959,0,"PDP","XGB"
"446","PRATIO","workflow",0.593135044574738,0.431901553869247,0,"PDP","XGB"
"447","om","workflow",0.595871064662933,0.553214350558817,0,"PDP","XGB"
"448","hli","workflow",0.595934845805168,0.546356464318931,0,"PDP","XGB"
"449","PRATIO","workflow",0.598190057873726,0.432115296542645,0,"PDP","XGB"
"450","om","workflow",0.603836119174957,0.552705428108573,0,"PDP","XGB"
"451","PRATIO","workflow",0.605486974716187,0.428467688769102,0,"PDP","XGB"
"452","hli","workflow",0.606554083824158,0.546661247693002,0,"PDP","XGB"
"453","om","workflow",0.610898461341858,0.554023331902921,0,"PDP","XGB"
"454","PRATIO","workflow",0.613233594894409,0.42636809438467,0,"PDP","XGB"
"455","hli","workflow",0.616864804625511,0.546485270239413,0,"PDP","XGB"
"456","om","workflow",0.617218617200852,0.55680986893177,0,"PDP","XGB"
"457","PRATIO","workflow",0.620373094081879,0.426259486049414,0,"PDP","XGB"
"458","om","workflow",0.623377411365509,0.556772028438747,0,"PDP","XGB"
"459","hli","workflow",0.625359916687012,0.546351536408067,0,"PDP","XGB"
"460","PRATIO","workflow",0.62841558277607,0.430666687011719,0,"PDP","XGB"
"461","om","workflow",0.631018593907356,0.556770186930895,0,"PDP","XGB"
"462","hli","workflow",0.633716262578964,0.545914204068482,0,"PDP","XGB"
"463","PRATIO","workflow",0.63459846496582,0.430144933581352,0,"PDP","XGB"
"464","thetas","workflow",0.634861648082733,0.515305822476745,0,"PDP","XGB"
"465","tpi3","workflow",0.635970839858054,0.475248290643096,0,"PDP","XGB"
"466","om","workflow",0.638379180431366,0.557274546660483,0,"PDP","XGB"
"467","PRATIO","workflow",0.640666016936302,0.428730911433697,0,"PDP","XGB"
"468","hli","workflow",0.641771018505096,0.546291980728507,0,"PDP","XGB"
"469","om","workflow",0.64666649222374,0.557697988256812,0,"PDP","XGB"
"470","PRATIO","workflow",0.647029800415039,0.427569119751453,0,"PDP","XGB"
"471","hli","workflow",0.647803907394409,0.545350075080991,0,"PDP","XGB"
"472","PRATIO","workflow",0.652877706289291,0.427398264944553,0,"PDP","XGB"
"473","hli","workflow",0.654213999509811,0.545671031191945,0,"PDP","XGB"
"474","om","workflow",0.656340781450272,0.556745892323554,0,"PDP","XGB"
"475","PRATIO","workflow",0.660035378932953,0.426952726751566,0,"PDP","XGB"
"476","hli","workflow",0.660760399699211,0.545737661488354,0,"PDP","XGB"
"477","PRATIO","workflow",0.66572624027729,0.424074081718922,0,"PDP","XGB"
"478","hli","workflow",0.667444069385529,0.545152160435915,0,"PDP","XGB"
"479","om","workflow",0.668269112110138,0.557111477844417,0,"PDP","XGB"
"480","PRATIO","workflow",0.67303190946579,0.407189936846495,0,"PDP","XGB"
"481","hli","workflow",0.673153174519539,0.542173124395311,0,"PDP","XGB"
"482","tpi3","workflow",0.677858760356904,0.475469077028334,0,"PDP","XGB"
"483","om","workflow",0.6782120013237,0.555530778959394,0,"PDP","XGB"
"484","hli","workflow",0.678544783592224,0.541475747250021,0,"PDP","XGB"
"485","PRATIO","workflow",0.679848256111145,0.403786310970783,0,"PDP","XGB"
"486","hli","workflow",0.682804396152496,0.539847719706595,0,"PDP","XGB"
"487","PRATIO","workflow",0.686471325159073,0.393721873223782,0,"PDP","XGB"
"488","hli","workflow",0.687196183204651,0.538752641350031,0,"PDP","XGB"
"489","om","workflow",0.687670958042145,0.555583185814321,0,"PDP","XGB"
"490","hli","workflow",0.691424707770347,0.537711309231818,0,"PDP","XGB"
"491","PRATIO","workflow",0.69268221616745,0.374399545162916,0,"PDP","XGB"
"492","hli","workflow",0.695478327274323,0.537121667005122,0,"PDP","XGB"
"493","PRATIO","workflow",0.69790854215622,0.366865275770426,0,"PDP","XGB"
"494","om","workflow",0.699675025939941,0.557569873780012,0,"PDP","XGB"
"495","hli","workflow",0.699903017282486,0.535291049405932,0,"PDP","XGB"
"496","hli","workflow",0.703529646396637,0.530114163652062,0,"PDP","XGB"
"497","PRATIO","workflow",0.703745517730713,0.363192390590906,0,"PDP","XGB"
"498","hli","workflow",0.707228511571884,0.526343586400151,0,"PDP","XGB"
"499","PRATIO","workflow",0.710075554847717,0.361026521384716,0,"PDP","XGB"
"500","hli","workflow",0.71075722694397,0.524293882794678,0,"PDP","XGB"
"501","om","workflow",0.713281506896019,0.557549435012042,0,"PDP","XGB"
"502","hli","workflow",0.714033842682838,0.52406831163168,0,"PDP","XGB"
"503","PRATIO","workflow",0.715800079703331,0.354414084047079,0,"PDP","XGB"
"504","hli","workflow",0.7172749376297,0.522214117631316,0,"PDP","XGB"
"505","hli","workflow",0.721342148780823,0.51382397544384,0,"PDP","XGB"
"506","PRATIO","workflow",0.72284740447998,0.35279515889287,0,"PDP","XGB"
"507","tpi3","workflow",0.724187902212143,0.474751980505884,0,"PDP","XGB"
"508","hli","workflow",0.72477417588234,0.506659383989871,0,"PDP","XGB"
"509","om","workflow",0.7248859167099,0.557123200595379,0,"PDP","XGB"
"510","hli","workflow",0.727547610402107,0.50576597596705,0,"PDP","XGB"
"511","hli","workflow",0.730215902328491,0.504832213774323,0,"PDP","XGB"
"512","PRATIO","workflow",0.730511476397514,0.35039353582263,0,"PDP","XGB"
"513","hli","workflow",0.732866585850716,0.504372737295926,0,"PDP","XGB"
"514","hli","workflow",0.735505678653717,0.503219918616116,0,"PDP","XGB"
"515","hli","workflow",0.73791084587574,0.501947853930295,0,"PDP","XGB"
"516","om","workflow",0.739405816197395,0.558621421679855,0,"PDP","XGB"
"517","hli","workflow",0.740481288433075,0.499909859918058,0,"PDP","XGB"
"518","PRATIO","workflow",0.74292696595192,0.35039353582263,0,"PDP","XGB"
"519","hli","workflow",0.742964081168175,0.498805673368275,0,"PDP","XGB"
"520","hli","workflow",0.745468852519989,0.498289890348911,0,"PDP","XGB"
"521","hli","workflow",0.74817448079586,0.498183700591326,0,"PDP","XGB"
"522","hli","workflow",0.750548541545868,0.497617700450122,0,"PDP","XGB"
"523","hli","workflow",0.752771124243736,0.497376428566873,0,"PDP","XGB"
"524","om","workflow",0.754850947856903,0.559263630263507,0,"PDP","XGB"
"525","hli","workflow",0.755238165855408,0.49878992202878,0,"PDP","XGB"
"526","hli","workflow",0.75750083565712,0.499062793835997,0,"PDP","XGB"
"527","PRATIO","workflow",0.758896772861481,0.350615636527538,0,"PDP","XGB"
"528","hli","workflow",0.759417481422424,0.499176970943809,0,"PDP","XGB"
"529","hli","workflow",0.761299878358841,0.499528918623924,0,"PDP","XGB"
"530","hli","workflow",0.763526494503021,0.500152207158506,0,"PDP","XGB"
"531","hli","workflow",0.765569267868996,0.500295909792185,0,"PDP","XGB"
"532","hli","workflow",0.767900187969208,0.50112285798043,0,"PDP","XGB"
"533","hli","workflow",0.770258859992027,0.501765661351383,0,"PDP","XGB"
"534","tpi3","workflow",0.771403211355209,0.474369031727314,0,"PDP","XGB"
"535","hli","workflow",0.772530436515808,0.501905845694244,0,"PDP","XGB"
"536","hli","workflow",0.774664989113808,0.502019951663911,0,"PDP","XGB"
"537","om","workflow",0.775412999391556,0.559910054840147,0,"PDP","XGB"
"538","hli","workflow",0.777184145450592,0.501759045705199,0,"PDP","XGB"
"539","hli","workflow",0.779438722729683,0.501367267809808,0,"PDP","XGB"
"540","hli","workflow",0.781772263050079,0.501038329914212,0,"PDP","XGB"
"541","hli","workflow",0.784055450558662,0.500815244354308,0,"PDP","XGB"
"542","hli","workflow",0.786403877735138,0.500718001998961,0,"PDP","XGB"
"543","hli","workflow",0.788849089741707,0.500946520350874,0,"PDP","XGB"
"544","hli","workflow",0.791432281732559,0.5005109840855,0,"PDP","XGB"
"545","om","workflow",0.792388296127319,0.560228191107512,0,"PDP","XGB"
"546","hli","workflow",0.793559479117393,0.5002210771963,0,"PDP","XGB"
"547","hli","workflow",0.79617235660553,0.500351391881704,0,"PDP","XGB"
"548","hli","workflow",0.798550488948822,0.500449629105628,0,"PDP","XGB"
"549","PRATIO","workflow",0.799572348594666,0.350615636527538,0,"PDP","XGB"
"550","hli","workflow",0.801226080656052,0.499940821714699,0,"PDP","XGB"
"551","hli","workflow",0.803902129530907,0.500054837010801,0,"PDP","XGB"
"552","hli","workflow",0.806562185287476,0.500448479607701,0,"PDP","XGB"
"553","hli","workflow",0.809523177146912,0.500576562985778,0,"PDP","XGB"
"554","hli","workflow",0.812087525129318,0.501381837315857,0,"PDP","XGB"
"555","om","workflow",0.813149679899216,0.562141318254173,0,"PDP","XGB"
"556","hli","workflow",0.814754877686501,0.502208980768919,0,"PDP","XGB"
"557","hli","workflow",0.817353625297546,0.50221703376621,0,"PDP","XGB"
"558","hli","workflow",0.820269164443016,0.502906155392528,0,"PDP","XGB"
"559","hli","workflow",0.823066502809525,0.503467412985861,0,"PDP","XGB"
"560","hli","workflow",0.826041780114174,0.504232795968652,0,"PDP","XGB"
"561","hli","workflow",0.830009529590607,0.505133646160364,0,"PDP","XGB"
"562","hli","workflow",0.83321838259697,0.508027763038874,0,"PDP","XGB"
"563","om","workflow",0.836637547016144,0.562541352711618,0,"PDP","XGB"
"564","hli","workflow",0.836795717477798,0.508880269512534,0,"PDP","XGB"
"565","tpi3","workflow",0.839877769351006,0.47379809717834,0,"PDP","XGB"
"566","hli","workflow",0.840199261903763,0.5090517007038,0,"PDP","XGB"
"567","hli","workflow",0.843582837581634,0.509360988900065,0,"PDP","XGB"
"568","hli","workflow",0.846486241221428,0.509459751822054,0,"PDP","XGB"
"569","hli","workflow",0.849676172733307,0.509373608469963,0,"PDP","XGB"
"570","hli","workflow",0.853267040252686,0.509729046970606,0,"PDP","XGB"
"571","hli","workflow",0.856864356994629,0.510532505095005,0,"PDP","XGB"
"572","hli","workflow",0.860435580611229,0.511027105733752,0,"PDP","XGB"
"573","om","workflow",0.861523333191872,0.563412099279463,0,"PDP","XGB"
"574","hli","workflow",0.864154651165009,0.511463938847184,0,"PDP","XGB"
"575","hli","workflow",0.868068553805351,0.511492155313492,0,"PDP","XGB"
"576","hli","workflow",0.871985652446747,0.511556684248149,0,"PDP","XGB"
"577","hli","workflow",0.876547265052795,0.512174338869751,0,"PDP","XGB"
"578","hli","workflow",0.881177682876587,0.51332208353281,0,"PDP","XGB"
"579","hli","workflow",0.885632025003433,0.513537072122097,0,"PDP","XGB"
"580","om","workflow",0.889677004814147,0.563890573173761,0,"PDP","XGB"
"581","hli","workflow",0.89011137008667,0.513609571233392,0,"PDP","XGB"
"582","hli","workflow",0.89531573176384,0.515493992902339,0,"PDP","XGB"
"583","hli","workflow",0.901135492324829,0.515497910812497,0,"PDP","XGB"
"584","hli","workflow",0.907311358451843,0.515213800013065,0,"PDP","XGB"
"585","tpi3","workflow",0.909221711158752,0.473584792748094,0,"PDP","XGB"
"586","hli","workflow",0.91281436920166,0.513464524395764,0,"PDP","XGB"
"587","hli","workflow",0.918772085309029,0.512075922347605,0,"PDP","XGB"
"588","hli","workflow",0.924053449630737,0.511878218285739,0,"PDP","XGB"
"589","om","workflow",0.926613247394561,0.56653880994767,0,"PDP","XGB"
"590","hli","workflow",0.931786906719208,0.510331232473254,0,"PDP","XGB"
"591","hli","workflow",0.938876850605011,0.505123269945383,0,"PDP","XGB"
"592","hli","workflow",0.94737401843071,0.500694925278425,0,"PDP","XGB"
"593","hli","workflow",0.955228250026703,0.499875796161592,0,"PDP","XGB"
"594","hli","workflow",0.966211089491844,0.496691263668239,0,"PDP","XGB"
"595","tpi3","workflow",0.97343213558197,0.470778408333659,0,"PDP","XGB"
"596","om","workflow",0.977169107198715,0.56653880994767,0,"PDP","XGB"
"597","hli","workflow",0.996352076530457,0.496691263668239,0,"PDP","XGB"
"598","om","workflow",1.04015288472176,0.56653880994767,0,"PDP","XGB"
"599","tpi3","workflow",1.04490432500839,0.47070097463578,0,"PDP","XGB"
"600","tpi3","workflow",1.13801998496056,0.470669475547969,0,"PDP","XGB"
"601","tpi3","workflow",1.24773401737213,0.470745199739933,0,"PDP","XGB"
"602","tpi3","workflow",1.41111633777618,0.467114724121988,0,"PDP","XGB"
"603","om","workflow",1.54962706565857,0.56653880994767,0,"PDP","XGB"
"604","tpi3","workflow",1.61537159442902,0.464293918155134,0,"PDP","XGB"
"605","tpi3","workflow",2.0163326215744,0.461722413092852,0,"PDP","XGB"
"606","tpi3","workflow",4.72865867614746,0.461722413092852,0,"PDP","XGB"
"607","clay","workflow",4.78574705123901,0.516240890927613,0,"PDP","XGB"
"608","clay","workflow",8.8725687122345,0.516240890927613,0,"PDP","XGB"
"609","clay","workflow",9.50403095245361,0.516112280853093,0,"PDP","XGB"
"610","clay","workflow",9.95711754798889,0.518475124239922,0,"PDP","XGB"
"611","clay","workflow",10.2918291091919,0.520633620172739,0,"PDP","XGB"
"612","clay","workflow",10.592195224762,0.519711906611919,0,"PDP","XGB"
"613","clay","workflow",10.8521835327148,0.519823185443878,0,"PDP","XGB"
"614","clay","workflow",11.1389297103882,0.51959235355258,0,"PDP","XGB"
"615","clay","workflow",11.3991525268555,0.521751205392182,0,"PDP","XGB"
"616","clay","workflow",11.6502867412567,0.522247508786619,0,"PDP","XGB"
"617","clay","workflow",11.8556845664978,0.52278652318567,0,"PDP","XGB"
"618","clay","workflow",12.0918058586121,0.522221615873277,0,"PDP","XGB"
"619","clay","workflow",12.2729047393799,0.522459267325699,0,"PDP","XGB"
"620","clay","workflow",12.4455301475525,0.522689221546054,0,"PDP","XGB"
"621","clay","workflow",12.6255758666992,0.522473161824047,0,"PDP","XGB"
"622","clay","workflow",12.7951908588409,0.52212667004019,0,"PDP","XGB"
"623","clay","workflow",12.9678665924072,0.521990960001946,0,"PDP","XGB"
"624","clay","workflow",13.1167421627045,0.521381201975048,0,"PDP","XGB"
"625","clay","workflow",13.3130128860474,0.520794672086835,0,"PDP","XGB"
"626","clay","workflow",13.5160030174255,0.521039085321128,0,"PDP","XGB"
"627","clay","workflow",13.6947483062744,0.521732030823827,0,"PDP","XGB"
"628","clay","workflow",13.8673497486114,0.521218619011343,0,"PDP","XGB"
"629","clay","workflow",14.0118550109863,0.520460118539631,0,"PDP","XGB"
"630","clay","workflow",14.1950583171844,0.51958333645761,0,"PDP","XGB"
"631","clay","workflow",14.3521335220337,0.518359743364155,0,"PDP","XGB"
"632","clay","workflow",14.5102746486664,0.516339295461774,0,"PDP","XGB"
"633","clay","workflow",14.6611651802063,0.515888005293906,0,"PDP","XGB"
"634","clay","workflow",14.8032030105591,0.515033325701952,0,"PDP","XGB"
"635","clay","workflow",14.9294102096558,0.515428161375225,0,"PDP","XGB"
"636","clay","workflow",15.0853464508057,0.516001838169992,0,"PDP","XGB"
"637","clay","workflow",15.2231711387634,0.516087548904121,0,"PDP","XGB"
"638","clay","workflow",15.3490769481659,0.518039769656956,0,"PDP","XGB"
"639","clay","workflow",15.4838998413086,0.518321920149028,0,"PDP","XGB"
"640","clay","workflow",15.600686416626,0.518216924607754,0,"PDP","XGB"
"641","clay","workflow",15.7097824287415,0.517967073455453,0,"PDP","XGB"
"642","clay","workflow",15.8074946880341,0.517903469182551,0,"PDP","XGB"
"643","clay","workflow",15.9206245040894,0.517696195751429,0,"PDP","XGB"
"644","clay","workflow",16.0172470474243,0.51659752330184,0,"PDP","XGB"
"645","clay","workflow",16.1237544250488,0.515618925429881,0,"PDP","XGB"
"646","clay","workflow",16.2400039100647,0.514814345106483,0,"PDP","XGB"
"647","clay","workflow",16.3446918487549,0.513790339380503,0,"PDP","XGB"
"648","clay","workflow",16.4431768608093,0.515976590484381,0,"PDP","XGB"
"649","clay","workflow",16.5481090927124,0.517207052916288,0,"PDP","XGB"
"650","clay","workflow",16.6270384597778,0.51728623880446,0,"PDP","XGB"
"651","clay","workflow",16.72077003479,0.518014450646937,0,"PDP","XGB"
"652","clay","workflow",16.8128336906433,0.519439528807998,0,"PDP","XGB"
"653","clay","workflow",16.9087184143066,0.519425956502557,0,"PDP","XGB"
"654","clay","workflow",16.9933626556397,0.518934417843819,0,"PDP","XGB"
"655","clay","workflow",17.0827439117432,0.518655672572553,0,"PDP","XGB"
"656","TD","workflow",17.1612071990967,0.469767134040594,0,"PDP","XGB"
"657","clay","workflow",17.1844807815552,0.518739920422435,0,"PDP","XGB"
"658","clay","workflow",17.2862911224365,0.518811944253743,0,"PDP","XGB"
"659","clay","workflow",17.3717978858948,0.519262992672622,0,"PDP","XGB"
"660","clay","workflow",17.4548503112793,0.519919063411653,0,"PDP","XGB"
"661","clay","workflow",17.5367932319641,0.52052022831887,0,"PDP","XGB"
"662","clay","workflow",17.6209579849243,0.520307918131352,0,"PDP","XGB"
"663","clay","workflow",17.7143934249878,0.521071944631636,0,"PDP","XGB"
"664","clay","workflow",17.7946842193604,0.521016197659075,0,"PDP","XGB"
"665","clay","workflow",17.8797360610962,0.520951342821121,0,"PDP","XGB"
"666","clay","workflow",17.954898109436,0.5208502933532,0,"PDP","XGB"
"667","clay","workflow",18.0326096916199,0.520923060379922,0,"PDP","XGB"
"668","clay","workflow",18.1006061553955,0.521034066721797,0,"PDP","XGB"
"669","TD","workflow",18.1597093200684,0.469767134040594,0,"PDP","XGB"
"670","clay","workflow",18.1834199905395,0.521021008625627,0,"PDP","XGB"
"671","clay","workflow",18.2627898406982,0.520971686944365,0,"PDP","XGB"
"672","clay","workflow",18.3522092437744,0.52081963878125,0,"PDP","XGB"
"673","TD","workflow",18.4265461730957,0.470184385403991,0,"PDP","XGB"
"674","clay","workflow",18.4360974121094,0.520578460268676,0,"PDP","XGB"
"675","clay","workflow",18.5222367286682,0.519683291688561,0,"PDP","XGB"
"676","clay","workflow",18.5863591384888,0.520017259739339,0,"PDP","XGB"
"677","TD","workflow",18.6055395126343,0.470071629688144,0,"PDP","XGB"
"678","clay","workflow",18.6542185020447,0.519903182819486,0,"PDP","XGB"
"679","clay","workflow",18.7368740081787,0.51962616802752,0,"PDP","XGB"
"680","TD","workflow",18.7576812744141,0.481573327422142,0,"PDP","XGB"
"681","clay","workflow",18.8172067832947,0.519698405921459,0,"PDP","XGB"
"682","clay","workflow",18.9035930633545,0.51921445967257,0,"PDP","XGB"
"683","TD","workflow",18.9044772148132,0.493346010148525,0,"PDP","XGB"
"684","clay","workflow",18.9825932693481,0.519120793566108,0,"PDP","XGB"
"685","TD","workflow",19.0167464065552,0.49709164737165,0,"PDP","XGB"
"686","clay","workflow",19.077174987793,0.518421937525272,0,"PDP","XGB"
"687","TD","workflow",19.1206571769714,0.49954796217382,0,"PDP","XGB"
"688","clay","workflow",19.1693369293213,0.517776382476091,0,"PDP","XGB"
"689","TD","workflow",19.2188248443604,0.500673917621374,0,"PDP","XGB"
"690","clay","workflow",19.2714611434937,0.517260844640434,0,"PDP","XGB"
"691","TD","workflow",19.3100456047058,0.503683882929385,0,"PDP","XGB"
"692","clay","workflow",19.367582321167,0.515707586377859,0,"PDP","XGB"
"693","TD","workflow",19.3959426879883,0.504582336701453,0,"PDP","XGB"
"694","clay","workflow",19.4851114654541,0.515558872595429,0,"PDP","XGB"
"695","TD","workflow",19.4859823989868,0.503134012565017,0,"PDP","XGB"
"696","TD","workflow",19.5656815338135,0.503424167402089,0,"PDP","XGB"
"697","clay","workflow",19.5753763389587,0.515548510119319,0,"PDP","XGB"
"698","TD","workflow",19.6541634750366,0.503292146585882,0,"PDP","XGB"
"699","clay","workflow",19.6857120513916,0.515564834475517,0,"PDP","XGB"
"700","TD","workflow",19.7174381637573,0.502517909199,0,"PDP","XGB"
"701","TD","workflow",19.7825086593628,0.502716512188315,0,"PDP","XGB"
"702","clay","workflow",19.810229473114,0.515886616684496,0,"PDP","XGB"
"703","TD","workflow",19.8510068511963,0.504066241450608,0,"PDP","XGB"
"704","TD","workflow",19.9076551055908,0.508347434662282,0,"PDP","XGB"
"705","clay","workflow",19.9455940246582,0.516115604057908,0,"PDP","XGB"
"706","TD","workflow",19.9575923538208,0.51041886857152,0,"PDP","XGB"
"707","TD","workflow",20.0111117172241,0.512618162609637,0,"PDP","XGB"
"708","TD","workflow",20.0651264190674,0.516716709554195,0,"PDP","XGB"
"709","clay","workflow",20.0759379577637,0.516547640778124,0,"PDP","XGB"
"710","TD","workflow",20.1276549530029,0.518777821071446,0,"PDP","XGB"
"711","TD","workflow",20.1800522994995,0.519370716966689,0,"PDP","XGB"
"712","TD","workflow",20.2278387069702,0.520062715224922,0,"PDP","XGB"
"713","clay","workflow",20.2483055877686,0.517057062350214,0,"PDP","XGB"
"714","TD","workflow",20.2778366851807,0.521490032121539,0,"PDP","XGB"
"715","TD","workflow",20.3095226287842,0.521616062775254,0,"PDP","XGB"
"716","TD","workflow",20.3487638092041,0.521931839853525,0,"PDP","XGB"
"717","TD","workflow",20.3915309333801,0.520645055763423,0,"PDP","XGB"
"718","clay","workflow",20.4167504501343,0.517215451017022,0,"PDP","XGB"
"719","TD","workflow",20.4320682525635,0.519726699858904,0,"PDP","XGB"
"720","TD","workflow",20.4694257736206,0.518914070554078,0,"PDP","XGB"
"721","TD","workflow",20.5130083084106,0.518762981444597,0,"PDP","XGB"
"722","TD","workflow",20.5567078018188,0.518982657372951,0,"PDP","XGB"
"723","clay","workflow",20.582693862915,0.517148974344134,0,"PDP","XGB"
"724","TD","workflow",20.5975496673584,0.517898530639708,0,"PDP","XGB"
"725","TD","workflow",20.6472185325623,0.516864351667464,0,"PDP","XGB"
"726","TD","workflow",20.6971882247925,0.516527001053095,0,"PDP","XGB"
"727","TD","workflow",20.7438426971436,0.51682991720736,0,"PDP","XGB"
"728","TD","workflow",20.7800964355469,0.517128015130758,0,"PDP","XGB"
"729","clay","workflow",20.8029266357422,0.516606732517481,0,"PDP","XGB"
"730","TD","workflow",20.8225392723083,0.517053035870194,0,"PDP","XGB"
"731","TD","workflow",20.8698249816895,0.519468381918967,0,"PDP","XGB"
"732","TD","workflow",20.9119386672974,0.521027735985816,0,"PDP","XGB"
"733","TD","workflow",20.9501354217529,0.520965099826455,0,"PDP","XGB"
"734","TD","workflow",20.9964211654663,0.521406051665545,0,"PDP","XGB"
"735","clay","workflow",21.0294248580933,0.516745272792876,0,"PDP","XGB"
"736","TD","workflow",21.0421587371826,0.525255997180939,0,"PDP","XGB"
"737","TD","workflow",21.0917827415466,0.525399878486991,0,"PDP","XGB"
"738","TD","workflow",21.1426473999023,0.525402189217508,0,"PDP","XGB"
"739","TD","workflow",21.1871949195862,0.526197953030467,0,"PDP","XGB"
"740","TD","workflow",21.2362956237793,0.526988727509975,0,"PDP","XGB"
"741","TD","workflow",21.2866133880615,0.526939309775829,0,"PDP","XGB"
"742","clay","workflow",21.2984251213074,0.517109921209514,0,"PDP","XGB"
"743","TD","workflow",21.3291153717041,0.526528603158891,0,"PDP","XGB"
"744","TD","workflow",21.3715620994568,0.527328710585833,0,"PDP","XGB"
"745","TD","workflow",21.4166860580444,0.527374197982252,0,"PDP","XGB"
"746","TD","workflow",21.4623111343384,0.52722625041008,0,"PDP","XGB"
"747","TD","workflow",21.5065621185303,0.527605141840875,0,"PDP","XGB"
"748","clay","workflow",21.5170510864258,0.517609637700021,0,"PDP","XGB"
"749","TD","workflow",21.5505759239197,0.527474174700677,0,"PDP","XGB"
"750","TD","workflow",21.5984239959717,0.52765832170099,0,"PDP","XGB"
"751","TD","workflow",21.6445824623108,0.527406634107232,0,"PDP","XGB"
"752","TD","workflow",21.6862027740479,0.527454050257802,0,"PDP","XGB"
"753","TD","workflow",21.724975528717,0.527679004706442,0,"PDP","XGB"
"754","TD","workflow",21.7695259857178,0.52774677015841,0,"PDP","XGB"
"755","TD","workflow",21.8097523117065,0.527521704435349,0,"PDP","XGB"
"756","clay","workflow",21.8188255882263,0.517489795453847,0,"PDP","XGB"
"757","TD","workflow",21.856339263916,0.527253605045378,0,"PDP","XGB"
"758","TD","workflow",21.8928700447083,0.527064674369991,0,"PDP","XGB"
"759","TD","workflow",21.9349461364746,0.526967583194375,0,"PDP","XGB"
"760","TD","workflow",21.9862415122986,0.527201515965164,0,"PDP","XGB"
"761","TD","workflow",22.0310270690918,0.52762896553427,0,"PDP","XGB"
"762","TD","workflow",22.0821544647217,0.528684951931238,0,"PDP","XGB"
"763","clay","workflow",22.1146818161011,0.517726863220334,0,"PDP","XGB"
"764","TD","workflow",22.1319946289062,0.52820459368825,0,"PDP","XGB"
"765","TD","workflow",22.18362865448,0.527727572776377,0,"PDP","XGB"
"766","TD","workflow",22.2328074645996,0.527913186103105,0,"PDP","XGB"
"767","TD","workflow",22.2720763206482,0.527158618994057,0,"PDP","XGB"
"768","TD","workflow",22.3208700180054,0.527147829644382,0,"PDP","XGB"
"769","TD","workflow",22.3628028297424,0.527189949132502,0,"PDP","XGB"
"770","TD","workflow",22.4075793457031,0.527861592419445,0,"PDP","XGB"
"771","TD","workflow",22.4438223266602,0.527840608455241,0,"PDP","XGB"
"772","clay","workflow",22.4733054542541,0.518584384560585,0,"PDP","XGB"
"773","TD","workflow",22.4935954284668,0.527779306612909,0,"PDP","XGB"
"774","TD","workflow",22.538076877594,0.527631106294691,0,"PDP","XGB"
"775","TD","workflow",22.58577003479,0.527390809603036,0,"PDP","XGB"
"776","TD","workflow",22.6468145370483,0.527063646182418,0,"PDP","XGB"
"777","TD","workflow",22.7062758636475,0.526811838887632,0,"PDP","XGB"
"778","clay","workflow",22.7453710174561,0.518067126691341,0,"PDP","XGB"
"779","TD","workflow",22.7632689285278,0.526331225097179,0,"PDP","XGB"
"780","TD","workflow",22.8222503662109,0.526240048885345,0,"PDP","XGB"
"781","TD","workflow",22.8939169311523,0.526681227013469,0,"PDP","XGB"
"782","TD","workflow",22.9629053878784,0.526826442405582,0,"PDP","XGB"
"783","clay","workflow",22.964573173523,0.518055115737021,0,"PDP","XGB"
"784","TD","workflow",23.015863609314,0.526727892935276,0,"PDP","XGB"
"785","TD","workflow",23.0746572875977,0.526666299909353,0,"PDP","XGB"
"786","TD","workflow",23.1481587409973,0.524959991052747,0,"PDP","XGB"
"787","TD","workflow",23.2038186264038,0.523688867747784,0,"PDP","XGB"
"788","TD","workflow",23.2867177963257,0.521411458432674,0,"PDP","XGB"
"789","TD","workflow",23.3753944396973,0.52015308136493,0,"PDP","XGB"
"790","clay","workflow",23.3768060684204,0.517918681047857,0,"PDP","XGB"
"791","TD","workflow",23.4581906318665,0.515495696566999,0,"PDP","XGB"
"792","TD","workflow",23.5490123748779,0.496202415749431,0,"PDP","XGB"
"793","TD","workflow",23.6551487541199,0.485397105500102,0,"PDP","XGB"
"794","TD","workflow",23.7796415710449,0.481714993998408,0,"PDP","XGB"
"795","TD","workflow",23.9107612609863,0.478020383119583,0,"PDP","XGB"
"796","clay","workflow",23.9327152252197,0.517885531656444,0,"PDP","XGB"
"797","TD","workflow",24.0692623901367,0.479082776129246,0,"PDP","XGB"
"798","TD","workflow",24.220043182373,0.4789196549505,0,"PDP","XGB"
"799","TD","workflow",24.3676809692383,0.470802096173167,0,"PDP","XGB"
"800","clay","workflow",24.51465965271,0.517299131959677,0,"PDP","XGB"
"801","TD","workflow",24.5652444076538,0.470089618399739,0,"PDP","XGB"
"802","TD","workflow",24.8746865844727,0.470079495251179,0,"PDP","XGB"
"803","TD","workflow",25.2220314788818,0.470933773294091,0,"PDP","XGB"
"804","clay","workflow",25.3090152168274,0.510609714306891,0,"PDP","XGB"
"805","clay","workflow",26.2582009506226,0.505974770285189,0,"PDP","XGB"
"806","TD","workflow",28.2092189788818,0.470933773294091,0,"PDP","XGB"
"807","clay","workflow",29.1779920768738,0.502510252550244,0,"PDP","XGB"
"808","RH","workflow",38.6966285705566,0.396453304052353,0,"PDP","XGB"
"809","RH","workflow",42.5261520004272,0.396453304052353,0,"PDP","XGB"
"810","RH","workflow",43.2462159729004,0.396436262845993,0,"PDP","XGB"
"811","RH","workflow",43.7573014831543,0.395858707994223,0,"PDP","XGB"
"812","RH","workflow",44.3213403320313,0.395780719071627,0,"PDP","XGB"
"813","RH","workflow",44.678281211853,0.41012143394351,0,"PDP","XGB"
"814","RH","workflow",45.1480674743652,0.436609368309379,0,"PDP","XGB"
"815","RH","workflow",45.5616289901733,0.466065682142973,0,"PDP","XGB"
"816","RH","workflow",45.9006280517578,0.466598258525133,0,"PDP","XGB"
"817","RH","workflow",46.0741260910034,0.468124737948179,0,"PDP","XGB"
"818","RH","workflow",46.3362373352051,0.473722741737962,0,"PDP","XGB"
"819","RH","workflow",46.5869554519653,0.488480928212404,0,"PDP","XGB"
"820","RH","workflow",46.8234658813477,0.494400700062513,0,"PDP","XGB"
"821","RH","workflow",47.0571827697754,0.495868340812623,0,"PDP","XGB"
"822","RH","workflow",47.2489492797852,0.499258129119873,0,"PDP","XGB"
"823","RH","workflow",47.4387245178223,0.501465047486126,0,"PDP","XGB"
"824","RH","workflow",47.6250942993164,0.506240929804742,0,"PDP","XGB"
"825","RH","workflow",47.7906756210327,0.508565794490278,0,"PDP","XGB"
"826","RH","workflow",47.9723494720459,0.511719863072038,0,"PDP","XGB"
"827","RH","workflow",48.100703163147,0.513283413715661,0,"PDP","XGB"
"828","RH","workflow",48.3082443237305,0.514212804339826,0,"PDP","XGB"
"829","RH","workflow",48.4543468475342,0.514195077426732,0,"PDP","XGB"
"830","RH","workflow",48.6149597167969,0.514852768197656,0,"PDP","XGB"
"831","RH","workflow",48.7700469970703,0.516682643376291,0,"PDP","XGB"
"832","RH","workflow",48.909143371582,0.521001641578972,0,"PDP","XGB"
"833","RH","workflow",49.0649852752686,0.522399246454239,0,"PDP","XGB"
"834","RH","workflow",49.2152703857422,0.523120958141982,0,"PDP","XGB"
"835","RH","workflow",49.3469875335693,0.524103382654488,0,"PDP","XGB"
"836","RH","workflow",49.468334197998,0.526434796944261,0,"PDP","XGB"
"837","RH","workflow",49.5773113632202,0.529373421221971,0,"PDP","XGB"
"838","RH","workflow",49.7003284454346,0.531212671175599,0,"PDP","XGB"
"839","RH","workflow",49.8116591644287,0.531567430078983,0,"PDP","XGB"
"840","RH","workflow",49.9197816467285,0.531867326982319,0,"PDP","XGB"
"841","RH","workflow",50.0383158111572,0.531539848908782,0,"PDP","XGB"
"842","RH","workflow",50.1398205566406,0.530946354173124,0,"PDP","XGB"
"843","RH","workflow",50.2629137039185,0.530352802634239,0,"PDP","XGB"
"844","RH","workflow",50.3749882507324,0.530192058302462,0,"PDP","XGB"
"845","RH","workflow",50.4852802658081,0.530291577830911,0,"PDP","XGB"
"846","RH","workflow",50.600671005249,0.530284786760807,0,"PDP","XGB"
"847","RH","workflow",50.7323245239258,0.530196743562818,0,"PDP","XGB"
"848","clay","workflow",50.8131561279297,0.502510252550244,0,"PDP","XGB"
"849","RH","workflow",50.8311111450195,0.530331289514899,0,"PDP","XGB"
"850","RH","workflow",50.9229160308838,0.530394012525678,0,"PDP","XGB"
"851","RH","workflow",51.000550994873,0.52972959087044,0,"PDP","XGB"
"852","RH","workflow",51.092288017273,0.529292691797018,0,"PDP","XGB"
"853","RH","workflow",51.1945756530762,0.529023777514696,0,"PDP","XGB"
"854","RH","workflow",51.3209112167358,0.528584870226681,0,"PDP","XGB"
"855","RH","workflow",51.4484178924561,0.528295607417822,0,"PDP","XGB"
"856","RH","workflow",51.5494288635254,0.528147767797112,0,"PDP","XGB"
"857","RH","workflow",51.6546815490723,0.528298435501754,0,"PDP","XGB"
"858","RH","workflow",51.7531528091431,0.528393164545298,0,"PDP","XGB"
"859","RH","workflow",51.840368270874,0.528638931632042,0,"PDP","XGB"
"860","RH","workflow",51.9280794525147,0.528178325667977,0,"PDP","XGB"
"861","RH","workflow",51.9995683288574,0.528176502846181,0,"PDP","XGB"
"862","RH","workflow",52.0697362518311,0.52992105076462,0,"PDP","XGB"
"863","RH","workflow",52.1549407196045,0.530050122186542,0,"PDP","XGB"
"864","RH","workflow",52.2613843917847,0.530832734279335,0,"PDP","XGB"
"865","RH","workflow",52.3445693969727,0.531647565744817,0,"PDP","XGB"
"866","RH","workflow",52.4312298965454,0.532154910705984,0,"PDP","XGB"
"867","RH","workflow",52.5047340393066,0.531932778559625,0,"PDP","XGB"
"868","RH","workflow",52.6031528091431,0.531934062719345,0,"PDP","XGB"
"869","RH","workflow",52.6982208251953,0.531977407775819,0,"PDP","XGB"
"870","RH","workflow",52.781428642273,0.531774299614131,0,"PDP","XGB"
"871","RH","workflow",52.8536059570312,0.531730771943927,0,"PDP","XGB"
"872","RH","workflow",52.9282299423218,0.531804203398526,0,"PDP","XGB"
"873","RH","workflow",52.9876750183105,0.53160092997551,0,"PDP","XGB"
"874","RH","workflow",53.0699207305908,0.530767184577882,0,"PDP","XGB"
"875","RH","workflow",53.1703924560547,0.52976622249186,0,"PDP","XGB"
"876","RH","workflow",53.2518423461914,0.529963383309543,0,"PDP","XGB"
"877","RH","workflow",53.3347424316406,0.529735685326159,0,"PDP","XGB"
"878","RH","workflow",53.437516784668,0.529341894745827,0,"PDP","XGB"
"879","RH","workflow",53.5357479095459,0.528687287867069,0,"PDP","XGB"
"880","RH","workflow",53.6308535766602,0.528741326443851,0,"PDP","XGB"
"881","RH","workflow",53.7482275390625,0.528371214233339,0,"PDP","XGB"
"882","RH","workflow",53.8459230041504,0.527970097318292,0,"PDP","XGB"
"883","RH","workflow",53.944986114502,0.527473878458142,0,"PDP","XGB"
"884","RH","workflow",54.0478792190552,0.526895165294409,0,"PDP","XGB"
"885","RH","workflow",54.166460723877,0.526515420950949,0,"PDP","XGB"
"886","RH","workflow",54.2938647842407,0.526556813120842,0,"PDP","XGB"
"887","RH","workflow",54.408664855957,0.526616090402007,0,"PDP","XGB"
"888","RH","workflow",54.514993095398,0.526840226963162,0,"PDP","XGB"
"889","RH","workflow",54.6268821716309,0.527338043831289,0,"PDP","XGB"
"890","RH","workflow",54.7483712768555,0.52716645052284,0,"PDP","XGB"
"891","RH","workflow",54.8715721893311,0.526955231852829,0,"PDP","XGB"
"892","RH","workflow",54.9867092895508,0.526954808630049,0,"PDP","XGB"
"893","RH","workflow",55.1066937255859,0.526763386026025,0,"PDP","XGB"
"894","RH","workflow",55.223749923706,0.52698246551305,0,"PDP","XGB"
"895","RH","workflow",55.3546650695801,0.527508150003851,0,"PDP","XGB"
"896","RH","workflow",55.5119964599609,0.527581096217036,0,"PDP","XGB"
"897","RH","workflow",55.6840664672852,0.527740442864597,0,"PDP","XGB"
"898","RH","workflow",55.8622702026367,0.527707161419094,0,"PDP","XGB"
"899","RH","workflow",56.0369407653809,0.527597738884389,0,"PDP","XGB"
"900","RH","workflow",56.2162015914917,0.527462301388383,0,"PDP","XGB"
"901","RH","workflow",56.421551361084,0.5276897161901,0,"PDP","XGB"
"902","RH","workflow",56.6394703674316,0.525756055481732,0,"PDP","XGB"
"903","RH","workflow",56.8990630340576,0.524149535946548,0,"PDP","XGB"
"904","RH","workflow",57.2390428543091,0.520972699046135,0,"PDP","XGB"
"905","RH","workflow",57.6702792358398,0.51172578381747,0,"PDP","XGB"
"906","RH","workflow",58.1819004058838,0.506875583767891,0,"PDP","XGB"
"907","RH","workflow",58.9556087493897,0.48987289313972,0,"PDP","XGB"
"908","RH","workflow",59.9590730285645,0.484373785302043,0,"PDP","XGB"
"909","RH","workflow",67.9946746826172,0.484373785302043,0,"PDP","XGB"
"910","GSPDD5","workflow",71.5827255249023,0.438807631999254,0,"PDP","XGB"
"911","GSPDD5","workflow",166.059286193848,0.438807631999254,0,"PDP","XGB"
"912","GSPDD5","workflow",185.154791870117,0.438767277270555,0,"PDP","XGB"
"913","GSPDD5","workflow",197.284925079346,0.439136322051287,0,"PDP","XGB"
"914","GSPDD5","workflow",210.404430541992,0.439751891195774,0,"PDP","XGB"
"915","GSPDD5","workflow",220.827765655518,0.445413849741221,0,"PDP","XGB"
"916","GSPDD5","workflow",229.83603515625,0.448098257631063,0,"PDP","XGB"
"917","GSPDD5","workflow",237.314934082031,0.448569399386644,0,"PDP","XGB"
"918","GSPDD5","workflow",242.020034179688,0.44929768705368,0,"PDP","XGB"
"919","GSPDD5","workflow",245.809624786377,0.449212758928537,0,"PDP","XGB"
"920","GSPDD5","workflow",250.185479736328,0.448286344528198,0,"PDP","XGB"
"921","GSPDD5","workflow",254.79227722168,0.44896364274621,0,"PDP","XGB"
"922","GSPDD5","workflow",258.256970214844,0.449298729032278,0,"PDP","XGB"
"923","GSPDD5","workflow",262.455622253418,0.449528471320867,0,"PDP","XGB"
"924","GSPDD5","workflow",265.768195800781,0.45258447098732,0,"PDP","XGB"
"925","GSPDD5","workflow",269.334194946289,0.467145548060536,0,"PDP","XGB"
"926","GSPDD5","workflow",272.395909423828,0.476081630036235,0,"PDP","XGB"
"927","GSPDD5","workflow",276.043948669434,0.476640359818935,0,"PDP","XGB"
"928","GSPDD5","workflow",279.208982543945,0.477794114843011,0,"PDP","XGB"
"929","GSPDD5","workflow",282.461248779297,0.480764206126332,0,"PDP","XGB"
"930","GSPDD5","workflow",285.399554443359,0.484025075137615,0,"PDP","XGB"
"931","GSPDD5","workflow",288.39249206543,0.492627115696669,0,"PDP","XGB"
"932","GSPDD5","workflow",291.576193237305,0.493167957931757,0,"PDP","XGB"
"933","GSPDD5","workflow",294.361940612793,0.492936586901546,0,"PDP","XGB"
"934","GSPDD5","workflow",297.200133056641,0.495501411750913,0,"PDP","XGB"
"935","GSPDD5","workflow",300.392593383789,0.499760229706764,0,"PDP","XGB"
"936","GSPDD5","workflow",303.300503540039,0.500289664670825,0,"PDP","XGB"
"937","GSPDD5","workflow",306.91050201416,0.499969466820359,0,"PDP","XGB"
"938","GSPDD5","workflow",310.638109130859,0.499450507566333,0,"PDP","XGB"
"939","GSPDD5","workflow",313.620368652344,0.498983956724405,0,"PDP","XGB"
"940","GSPDD5","workflow",316.625946044922,0.499343945965171,0,"PDP","XGB"
"941","GSPDD5","workflow",320.015084228516,0.499423894733191,0,"PDP","XGB"
"942","GSPDD5","workflow",324.105432128906,0.499268754258752,0,"PDP","XGB"
"943","GSPDD5","workflow",327.108403015137,0.499137414336204,0,"PDP","XGB"
"944","GSPDD5","workflow",330.369183959961,0.499373903721571,0,"PDP","XGB"
"945","GSPDD5","workflow",333.893583679199,0.499277309909463,0,"PDP","XGB"
"946","GSPDD5","workflow",336.891717529297,0.500782394826412,0,"PDP","XGB"
"947","GSPDD5","workflow",340.660914916992,0.502040547892451,0,"PDP","XGB"
"948","GSPDD5","workflow",343.816217041016,0.50278985580802,0,"PDP","XGB"
"949","GSPDD5","workflow",347.152532653809,0.504958705022931,0,"PDP","XGB"
"950","GSPDD5","workflow",351.206060791016,0.505195639356971,0,"PDP","XGB"
"951","GSPDD5","workflow",355.292217102051,0.510205059215426,0,"PDP","XGB"
"952","GSPDD5","workflow",358.682922973633,0.512071660995483,0,"PDP","XGB"
"953","GSPDD5","workflow",362.098834533691,0.516615362234414,0,"PDP","XGB"
"954","GSPDD5","workflow",366.604248046875,0.526253277853131,0,"PDP","XGB"
"955","GSPDD5","workflow",370.806547546387,0.526944630652666,0,"PDP","XGB"
"956","GSPDD5","workflow",375.606906738281,0.528617332741618,0,"PDP","XGB"
"957","GSPDD5","workflow",378.427149658203,0.533296105705202,0,"PDP","XGB"
"958","GSPDD5","workflow",381.744660644531,0.534208156861365,0,"PDP","XGB"
"959","GSPDD5","workflow",385.743977966309,0.534329665824771,0,"PDP","XGB"
"960","GSPDD5","workflow",390.011596679688,0.534479964822531,0,"PDP","XGB"
"961","GSPDD5","workflow",394.468738708496,0.535417216978967,0,"PDP","XGB"
"962","GSPDD5","workflow",399.477747802734,0.537321705080569,0,"PDP","XGB"
"963","GSPDD5","workflow",403.382274780273,0.538693480752409,0,"PDP","XGB"
"964","GSPDD5","workflow",407.328701171875,0.539130719922483,0,"PDP","XGB"
"965","GSPDD5","workflow",411.78908996582,0.539573824308813,0,"PDP","XGB"
"966","GSPDD5","workflow",416.305678710938,0.539856369785965,0,"PDP","XGB"
"967","GSPDD5","workflow",420.286159667969,0.540485590673983,0,"PDP","XGB"
"968","GSPDD5","workflow",423.303497924805,0.540633070193231,0,"PDP","XGB"
"969","GSPDD5","workflow",426.876164550781,0.540641072005034,0,"PDP","XGB"
"970","GSPDD5","workflow",430.195080566406,0.540658309809864,0,"PDP","XGB"
"971","GSPDD5","workflow",433.33103302002,0.541199798755348,0,"PDP","XGB"
"972","GSPDD5","workflow",436.574775390625,0.544062427170575,0,"PDP","XGB"
"973","GSPDD5","workflow",439.524010925293,0.545629589729011,0,"PDP","XGB"
"974","GSPDD5","workflow",442.655444335938,0.548835372745991,0,"PDP","XGB"
"975","GSPDD5","workflow",445.960092163086,0.54986153228581,0,"PDP","XGB"
"976","GSPDD5","workflow",448.905354003906,0.550838449828327,0,"PDP","XGB"
"977","GSPDD5","workflow",451.759410400391,0.550919969603419,0,"PDP","XGB"
"978","GSPDD5","workflow",454.918795166016,0.551244879133999,0,"PDP","XGB"
"979","GSPDD5","workflow",458.140790100098,0.55130235991627,0,"PDP","XGB"
"980","GSPDD5","workflow",461.00791015625,0.551420053899288,0,"PDP","XGB"
"981","GSPDD5","workflow",464.066344299316,0.551405982837081,0,"PDP","XGB"
"982","GSPDD5","workflow",467.198067626953,0.551989747315645,0,"PDP","XGB"
"983","GSPDD5","workflow",470.969945068359,0.553100160479546,0,"PDP","XGB"
"984","GSPDD5","workflow",474.99983581543,0.553242330126464,0,"PDP","XGB"
"985","GSPDD5","workflow",478.498161315918,0.553233487293124,0,"PDP","XGB"
"986","GSPDD5","workflow",481.912438964844,0.552980343386531,0,"PDP","XGB"
"987","GSPDD5","workflow",485.727940063477,0.552795269429684,0,"PDP","XGB"
"988","GSPDD5","workflow",490.144392700195,0.551947968222201,0,"PDP","XGB"
"989","GSPDD5","workflow",494.520132446289,0.550437728524208,0,"PDP","XGB"
"990","GSPDD5","workflow",498.9349609375,0.54947220493108,0,"PDP","XGB"
"991","GSPDD5","workflow",503.906192626953,0.549191205814481,0,"PDP","XGB"
"992","GSPDD5","workflow",509.603117675781,0.546076842725277,0,"PDP","XGB"
"993","GSPDD5","workflow",517.207890625,0.543753583796322,0,"PDP","XGB"
"994","GSPDD5","workflow",523.294047851562,0.538787093684077,0,"PDP","XGB"
"995","GSPDD5","workflow",531.864126586914,0.535696357190609,0,"PDP","XGB"
"996","GSPDD5","workflow",540.324958496094,0.536116259388626,0,"PDP","XGB"
"997","GSPDD5","workflow",550.803831176758,0.536866058796644,0,"PDP","XGB"
"998","GSPDD5","workflow",562.651154785156,0.537767918616533,0,"PDP","XGB"
"999","GSPDD5","workflow",572.242364501953,0.538316649407148,0,"PDP","XGB"
"1000","GSPDD5","workflow",585.879162597656,0.537734170950949,0,"PDP","XGB"
"1001","GSPDD5","workflow",601.524039916992,0.537403515651822,0,"PDP","XGB"
"1002","GSPDD5","workflow",620.082678222656,0.536505004145205,0,"PDP","XGB"
"1003","GSPDD5","workflow",643.136369018555,0.538649529725313,0,"PDP","XGB"
"1004","GSPDD5","workflow",665.837291259766,0.542751594103873,0,"PDP","XGB"
"1005","GSPDD5","workflow",689.307070922852,0.546287196561694,0,"PDP","XGB"
"1006","GSPDD5","workflow",708.648305664062,0.546539949402213,0,"PDP","XGB"
"1007","GSPDD5","workflow",728.06185180664,0.549509347610176,0,"PDP","XGB"
"1008","GSPDD5","workflow",750.72171875,0.552847223214805,0,"PDP","XGB"
"1009","GSPDD5","workflow",779.650238037109,0.555480643995106,0,"PDP","XGB"
"1010","GSPDD5","workflow",926.077819824219,0.555480643995106,0,"PDP","XGB"
